from,https://tools.miku.ac/gpu_rank/,https://tools-api-cn.hazymoon.vip/gpu_rank,
,name,score,percentage
1,GeForce RTX 3080 Ti,26658,100
2,GeForce RTX 3090,26005,98
3,Radeon RX 6900 XT,25386,95
4,GeForce RTX 3080,24517,92
5,RTX A5000,23740,89
6,RTX A6000,23092,87
7,Radeon RX 6800 XT,23020,86
8,GeForce RTX 3070 Ti,22659,85
9,GeForce RTX 3070,21922,82
10,GeForce RTX 2080 Ti,21718,81
11,Radeon RX 6800,20772,78
12,RX6800 XT,20392,76
13,Quadro RTX 6000,19862,75
14,TITAN RTX,19851,74
15,GeForce RTX 3060 Ti,19709,74
16,Quadro RTX 8000,19609,74
17,GeForce RTX 2080 SUPER,19497,73
18,RTX A4000,19175,72
19,TITAN Xp,19107,72
20,Radeon PRO W6800,18968,71
21,TITAN V,18851,71
22,Radeon RX 6700 XT,18830,71
23,RTX A5000 Laptop GPU,18661,70
24,GeForce RTX 2080,18588,70
25,TITAN Xp COLLECTORS EDITION,18303,69
26,NVIDIA TITAN Xp,18280,69
27,GeForce RTX 2070 SUPER,18161,68
28,GeForce GTX 1080 Ti,18074,68
29,TITAN V JHH Special Edition,16988,64
30,TITAN V CEO Edition,16988,64
31,Radeon Pro VII,16853,63
32,Radeon RX 5700 XT,16847,63
33,Radeon VII,16739,63
34,Radeon RX 5700 XT 50th Anniversary,16683,63
35,GeForce RTX 3060,16616,62
36,GeForce RTX 3080 Laptop GPU,16471,62
37,GeForce RTX 2060 SUPER,16438,62
38,Quadro RTX 5000,16394,61
39,Tesla V100-SXM2-16GB,16235,61
40,RTX A4000 Laptop GPU,16198,61
41,GeForce RTX 2070,16091,60
42,Quadro RTX 4000,15625,59
43,Quadro P6000,15619,59
44,Quadro GP100,15549,58
45,Radeon RX 6600 XT,15543,58
46,GeForce GTX 1080,15174,57
47,Radeon Pro W5700,15108,57
48,GeForce RTX 2080 (Mobile),15107,57
49,Quadro RTX 5000 (Mobile),14832,56
50,Radeon Pro Vega II,14738,55
51,Radeon RX 5700,14709,55
52,RX 6800 XT,14683,55
53,Radeon RX Vega 64,14657,55
54,Radeon Pro Vega 64X,14630,55
55,GeForce RTX 3070 Laptop GPU,14627,55
56,GeForce RTX 2070 Super with Max-Q Design,14531,55
57,RTX A3000 Laptop GPU,14420,54
58,GeForce GTX 1070 Ti,14360,54
59,Radeon RX 5700XT,14255,53
60,Radeon PRO W6600,14087,53
61,Radeon RX 6700M,14062,53
62,Radeon PRO WX 8200,14039,53
63,Quadro RTX 5000 with Max-Q Design,14036,53
64,GeForce RTX 2080 Super with Max-Q Design,13959,52
65,GeForce GTX 980 Ti,13889,52
66,GeForce RTX 2060,13877,52
67,Radeon Vega Frontier Edition,13876,52
68,Radeon RX 5600 XT,13792,52
69,NVIDIA TITAN X,13660,51
70,GeForce RTX 2080 with Max-Q Design,13607,51
71,Radeon RX Vega 56,13593,51
72,GeForce GTX 1070,13414,50
73,Radeon Pro WX 9100,13286,50
74,Quadro RTX 4000 with Max-Q Design,13268,50
75,Tesla T10,13264,50
76,Radeon RX 6600,13263,50
77,GeForce GTX TITAN X,13102,49
78,Quadro RTX 4000 (Mobile),12910,48
79,Radeon Pro V520 MxGPU,12853,48
80,Quadro GV100,12721,48
81,GeForce GTX 1660 SUPER,12689,48
82,Quadro M6000 24GB,12600,47
83,Tesla M40 24GB,12545,47
84,GeForce RTX 3060 Laptop GPU,12394,46
85,GeForce RTX 2070 (Mobile),12354,46
86,Radeon RX Vega,12298,46
87,Radeon Pro Vega 56,12209,46
88,GeForce RTX 2070 with Max-Q Design,12178,46
89,Quadro P5200,12101,45
90,Radeon Pro 5700 XT,12076,45
91,Quadro P5000,11980,45
92,Quadro P5200 with Max-Q Design,11909,45
93,Quadro P4200 with Max-Q Design,11869,45
94,Radeon Pro 5700,11844,44
95,GeForce GTX 1660 Ti,11789,44
96,GeForce GTX 1660,11635,44
97,Quadro P4000,11567,43
98,Radeon Pro Vega 64,11456,43
99,Radeon Pro Vega 48,11384,43
100,GeForce RTX 2060 (Mobile),11355,43
101,Quadro M6000,11269,42
102,GeForce GTX 980,11264,42
103,Quadro RTX 3000,11242,42
104,Radeon RX5600,11187,42
105,GeForce GTX 1080 with Max-Q Design,11158,42
106,Tesla T4,11091,42
107,Radeon RX 5600,10989,41
108,Radeon Pro SSG,10498,39
109,Radeon Pro 5600M,10484,39
110,Radeon Instinct MI25 MxGPU,10466,39
111,GeForce GTX 1070 (Mobile),10465,39
112,RTX A2000 Laptop GPU,10294,39
113,GeForce GTX 1060 6GB,10258,38
114,NRDRVNT3,10254,38
115,VRVD5,10222,38
116,GeForce GTX 1070 with Max-Q Design,10199,38
117,GeForce GTX 1660 Ti (Mobile),10176,38
118,Radeon R9 Fury X,10133,38
119,GeForce GTX 1650 SUPER,9965,37
120,Quadro P4200,9940,37
121,GeForce RTX 2060 with Max-Q Design,9809,37
122,GeForce GTX 1060,9780,37
123,Radeon R9 Fury + Fury X,9741,37
124,GeForce GTX 970,9723,36
125,Radeon R9 Fury,9693,36
126,GeForce GTX 1060 3GB,9688,36
127,Tesla M40,9649,36
128,Quadro P2200,9641,36
129,Radeon RX 590,9622,36
130,GeForce RTX 3050 Ti Laptop GPU,9594,36
131,Radeon R9 390X,9530,36
132,Radeon Ryzen 9 4900HSS,9461,35
133,Quadro M5000,9456,35
134,Radeon Pro W5500,9275,35
135,Quadro P3200 with Max-Q Design,9256,35
136,GeForce GTX 780 Ti,9218,35
137,GTX 970TI,9190,34
138,GeForce GTX 970TI,9190,34
139,GeForce GTX TITAN Black,9176,34
140,GeForce RTX 3050 Laptop GPU,9159,34
141,Radeon RX 5500 XT,9154,34
142,GeForce GTX TITAN Z,9096,34
143,Quadro P4000 with Max-Q Design,9083,34
144,Radeon R9 390,8988,34
145,Radeon RX 580,8871,33
146,Radeon Ryzen 7 4800HS,8842,33
147,Radeon R9 290X,8788,33
148,Radeon RX 5500,8682,33
149,Radeon RX 480,8636,32
150,Radeon RX590 GME,8628,32
151,Quadro RTX 3000 with Max-Q Design,8626,32
152,Radeon Ryzen 9 4900HS,8572,32
153,GeForce GTX 1660 Ti with Max-Q Design,8533,32
154,GeForce GTX Titan,8527,32
155,Quadro P3200,8506,32
156,Radeon RX 6800M,8500,32
157,Radeon R9 295X2,8487,32
158,Radeon RX 6600M,8485,32
159,Radeon R9 290,8438,32
160,Radeon Pro Duo,8395,31
161,Radeon R9 290X / 390X,8389,31
162,FirePro W9100 Adapter,8299,31
163,Radeon Pro 5500 XT,8289,31
164,15FF,8229,31
165,GeForce GTX 1060 (Mobile),8161,31
166,Radeon R9 290 / 390,8150,31
167,Quadro K6000,8126,30
168,GeForce GTX 1060 5GB,8069,30
169,GeForce GTX 780,8040,30
170,T1200 Laptop GPU,8037,30
171,Radeon RX 470/570,8028,30
172,Radeon RX 470,8005,30
173,Radeon Ryzen 5 4600HS,7942,30
174,GeForce GTX 1060 with Max-Q Design,7929,30
175,Quadro M5500,7915,30
176,Radeon Pro WX 7100,7812,29
177,Radeon RX 580X,7798,29
178,T1000,7780,29
179,GeForce GTX 1650,7759,29
180,Radeon Pro 580,7753,29
181,FirePro W9100,7750,29
182,Radeon RX 580 2048SP,7719,29
183,Tesla M60,7692,29
184,FirePro W8100 Graphic Adapter,7570,28
185,Radeon Pro 580X,7540,28
186,Radeon Pro 5300,7520,28
187,Tesla M6,7509,28
188,Radeon RX 5600M,7469,28
189,GeForce GTX 1650 Ti,7449,28
190,Ryzen 7 5800HS with Radeon Graphics,7391,28
191,Radeon RX 5300,7350,28
192,RadeonT RX 5300,7321,27
193,GeForce GTX 980M,7311,27
194,FirePro W8100,7234,27
195,Tesla P100-PCIE-16GB,7225,27
196,Quadro T2000,7157,27
197,T600 Laptop GPU,7038,26
198,Ryzen 7 4800HS with Radeon Graphics,6999,26
199,Quadro P2000,6984,26
200,GeForce GTX 1650 (Mobile),6969,26
201,Radeon RX 570,6967,26
202,Quadro M5000M,6919,26
203,Quadro T2000 with Max-Q Design,6847,26
204,Radeon RX Vega M GH,6785,25
205,T600,6743,25
206,GeForce GTX 970XM FORCE,6707,25
207,Quadro M4000M,6699,25
208,Radeon R9 285,6680,25
209,Quadro M4000,6640,25
210,Radeon Pro 5500M,6613,25
211,Radeon Pro 570X,6605,25
212,GTX 980M,6594,25
213,Radeon RX580,6494,24
214,Quadro T1000 with Max-Q Design,6466,24
215,Quadro T1000,6465,24
216,Radeon Ryzen 7 4800H,6398,24
217,Radeon Pro 570,6337,24
218,GeForce GTX 1050 Ti,6331,24
219,FirePro S7150,6276,24
220,Radeon R9 380,6242,23
221,Radeon R9 280X,6236,23
222,GeForce GTX 1650 Ti with Max-Q Design,6232,23
223,Quadro P3000,6176,23
224,FirePro W9000,6138,23
225,Radeon R9 380X,6121,23
226,Radeon Pro WX Vega M GL,6049,23
227,GeForce GTX 960,6041,23
228,P106-100,5967,22
229,GRID P100-16Q,5945,22
230,Radeon Pro Vega 20,5942,22
231,Quadro K5200,5920,22
232,GeForce GTX 1050 Ti (Mobile),5919,22
233,Radeon Ryzen 9 5900HS,5886,22
234,GeForce GTX 970M,5877,22
235,GeForce GTX 1650 with Max-Q Design,5875,22
236,GeForce GTX 770,5871,22
237,Device,5756,22
238,Radeon Pro WX 7130,5722,21
239,Radeon Pro 5300M,5714,21
240,Quadro M3000M,5660,21
241,GeForce GTX 690,5625,21
242,Radeon Pro WX 5100,5607,21
243,Radeon R9 280,5592,21
244,Radeon HD 7990,5566,21
245,FirePro W7100 Adapter,5554,21
246,Radeon R9 285 / 380,5550,21
247,GeForce GTX 1050 Ti with Max-Q Design,5526,21
248,GRID M60-8A,5523,21
249,GeForce GTX 680,5485,21
250,GeForce GTX 760 Ti OEM,5427,20
251,GeForce GTX 950,5413,20
252,GeForce GTX 670,5350,20
253,Radeon HD 7970 / R9 280X,5248,20
254,FirePro S10000,5235,20
255,Radeon HD 8990,5214,20
256,Radeon Ryzen 9 4900H,5192,19
257,TITAN X,5187,19
258,GeForce GTX 760 Ti,5176,19
259,Q12U-1,5164,19
260,RADEON R9 M295X,5150,19
261,GTX 965M,5139,19
262,GeForce GTX 1050,5131,19
263,Radeon Ryzen 5 5600H,5084,19
264,FirePro S9000,5059,19
265,RADEON R9 M395,5023,19
266,Quadro P2000 with Max-Q Design,4993,19
267,Ryzen 9 5900HS with Radeon Graphics,4968,19
268,EIZO Quadro MED-XN51LP,4955,19
269,Barco MXRT 7600,4944,19
270,Radeon R9 270X,4903,18
271,Radeon R9 M390X,4893,18
272,Radeon Ryzen 9 5900HX,4889,18
273,FirePro W7100,4884,18
274,Radeon R9 M485X,4842,18
275,GRID RTX6000P-6Q,4819,18
276,RADEON R9 M395X,4775,18
277,GeForce GTX 760,4769,18
278,Radeon HD 7950 / R9 280,4765,18
279,FirePro W8000 Adapter,4752,18
280,Radeon Sky 500,4736,18
281,GRID P40-24Q,4728,18
282,Radeon R9 370,4722,18
283,Radeon Pro Vega 16,4683,18
284,Radeon HD 7870,4655,17
285,Radeon HD 7950,4651,17
286,B8DKMDAP,4557,17
287,Radeon Pro 465,4538,17
288,GeForce GTX 580,4494,17
289,Quadro P1000,4472,17
290,Radeon HD 7870 XT,4470,17
291,GeForce GTX 1050 (Mobile),4462,17
292,GRID M60-1B,4457,17
293,P104-100,4450,17
294,Citrix Indirect Display Adapter,4447,17
295,Radeon R7 370,4444,17
296,GRID P6-4Q,4429,17
297,Quadro M2200,4402,17
298,GeForce GTX 660 Ti,4373,16
299,FirePro W7000 Adapter,4340,16
300,GRID GTX P40-6,4340,16
301,Quadro K4200,4334,16
302,Barco MXRT 7500,4319,16
303,GRID M60-2Q,4316,16
304,Radeon R9 270,4306,16
305,GRID P40-2Q,4288,16
306,GRID T4-8Q,4284,16
307,GRID RTX6000P-4Q,4283,16
308,FirePro W7000,4275,16
309,GeForce GTX 680MX,4271,16
310,Radeon HD 7870 (Tahiti LE),4268,16
311,Radeon R9 270 / R7 370,4260,16
312,GRID M60-1Q,4251,16
313,GeForce GTX 775M,4222,16
314,FirePro S7000,4166,16
315,GRID V100D-8Q,4156,16
316,Radeon RX 560X,4124,15
317,Radeon RX 460,4095,15
318,GeForce GTX 750Ti,4053,15
319,Radeon RX 5500M,4050,15
320,GeForce GTX 880M,4040,15
321,Radeon HD 7800-serie,4029,15
322,GRID P6-2Q,4001,15
323,GeForce GTX 965M,3995,15
324,GeForce GTX 660,3990,15
325,GeForce GTX 480,3986,15
326,Quadro M2000,3985,15
327,GeForce GTX 1050 with Max-Q Design,3961,15
328,GRID RTX8000-4Q,3961,15
329,Radeon Pro WX4100,3953,15
330,Quadro K5000,3943,15
331,GeForce GTX 750 Ti,3928,15
332,FirePro S9050,3912,15
333,Radeon RX 5300M,3889,15
334,GRID M60-8Q,3884,15
335,Quadro K2200M,3883,15
336,Radeon HD 8970M,3876,15
337,Radeon RX480,3858,14
338,FirePro W7170M,3849,14
339,GeForce GTX 570,3845,14
340,GRID RTX8000P-2Q,3843,14
341,GRID P100-8Q,3841,14
342,GRID M60-4Q,3831,14
343,Radeon HD 7850,3789,14
344,Radeon Pro WX 4100,3787,14
345,GeForce GTX 780M,3756,14
346,GeForce MX450,3732,14
347,Radeon Pro 560X,3678,14
348,Quadro P620,3666,14
349,Radeon HD 7970M,3619,14
350,Radeon RX 560,3606,14
351,T500,3600,14
352,Quadro M2000M,3574,13
353,GRID RTX8000-2Q,3574,13
354,GeForce GTX 680M KY_Bullet Edition,3569,13
355,GRID M6-8Q,3568,13
356,RX 560X,3553,13
357,Quadro K2200,3541,13
358,Tesla C2050,3515,13
359,Quadro 7000,3505,13
360,Tesla M10,3490,13
361,Radeon Pro 560,3475,13
362,T400,3474,13
363,GeForce GTX 960M,3463,13
364,FirePro W8000,3454,13
365,Radeon Pro 460,3453,13
366,Tesla C2050 / C2070,3428,13
367,Ryzen 9 5900HX with Radeon Graphics,3426,13
368,GeForce GTX 750,3408,13
369,GRID T4-4Q,3406,13
370,Radeon R9 M470X,3400,13
371,Quadro M1200,3382,13
372,Radeon HD8970M,3369,13
373,GeForce GTX 650 Ti BOOST,3368,13
374,Radeon E8870PCIe,3368,13
375,GeForce GTX 590,3366,13
376,Radeon RX Vega M GL,3361,13
377,GRID P40-2B,3354,13
378,GRID M10-1Q,3351,13
379,GeForce GTX 870M,3343,13
380,Radeon R9 M290X,3320,12
381,Quadro P600,3317,12
382,Radeon RX550,3313,12
383,Quadro K5100M,3280,12
384,GeForce 770M,3246,12
385,Radeon Pro 555X,3236,12
386,GRID M10-4Q,3224,12
387,GeForce GTX 470,3214,12
388,GRID K520,3177,12
389,RadeonT RX 5500M,3166,12
390,FirePro V7000 Adapter,3162,12
391,FirePro V7000,3162,12
392,Radeon Pro 555,3141,12
393,Radeon R7 260X,3139,12
394,Tesla C2075,3118,12
395,Radeon Pro 455,3113,12
396,Tesla C2070,3101,12
397,Radeon HD 7790,3090,12
398,Intel G35 Express,3090,12
399,GeForce GTX 560 Ti,3072,12
400,GeForce GTX 680M,3071,12
401,Radeon R7 360,3066,12
402,GeForce GTX 860M,3050,11
403,Radeon Ryzen 5 4600H,3049,11
404,Radeon R9 360,3032,11
405,Quadro M1000M,3018,11
406,Radeon R9 260,3018,11
407,Radeon Pro WX4150,3010,11
408,Radeon HD 6990,3004,11
409,FirePro W5100,2989,11
410,FirePro W5000,2983,11
411,Radeon Ryzen 7 PRO 5750GE,2969,11
412,Radeon R9 M380,2947,11
413,GRID K260Q,2941,11
414,Ryzen 7 5800H with Radeon Graphics,2929,11
415,Radeon RX460,2918,11
416,Radeon R7 260,2892,11
417,GeForce MX350,2884,11
418,Ryzen 7 PRO 4700G with Radeon Graphics,2880,11
419,Quadro K1200,2870,11
420,Radeon HD 6970,2859,11
421,Radeon Pro V340 MxGPU,2853,11
422,Intel Iris Xe,2851,11
423,Radeon Ryzen 7 5700G,2838,11
424,Quadro M620,2827,11
425,Radeon Pro W5500M,2822,11
426,Intel UHD P630,2813,11
427,FirePro 3D V9800,2812,11
428,Radeon Ryzen 5 PRO 5650GE,2793,10
429,Radeon RX540,2788,10
430,GeForce GTX 770M,2783,10
431,GRID K2,2774,10
432,Radeon RX 550,2746,10
433,FirePro W4300,2734,10
434,GeForce GTX 560,2729,10
435,FirePro V9800,2727,10
436,FirePro V9800 Adapter,2727,10
437,Radeon Pro 450,2723,10
438,Ryzen 9 4900H with Radeon Graphics,2714,10
439,Radeon Ryzen 7 PRO 4750G with,2714,10
440,Ryzen 7 5700G with Radeon Graphics,2708,10
441,GRID T4-1Q,2703,10
442,Barco MXRT 5500,2702,10
443,Quadro K4000,2698,10
444,Quadro K5000M,2693,10
445,Radeon Ryzen 7 5800H,2689,10
446,GeForce GTX 465,2679,10
447,Ryzen 7 Pro 4750G with Radeon Graphics,2678,10
448,Ryzen 7 5700GE with Radeon Graphics,2675,10
449,Radeon HD 6950,2674,10
450,Quadro 6000,2662,10
451,Radeon Ryzen 7 4700GE,2662,10
452,FirePro M6100 FireGL V,2656,10
453,GRID M10-2Q,2654,10
454,FirePro R5000,2647,10
455,Ryzen 5 5600G with Radeon Graphics,2638,10
456,MONSTER GeForce GTX 675M,2637,10
457,Radeon Ryzen 7 PRO 4750GE with,2626,10
458,Radeon Ryzen 5 5600G,2625,10
459,GeForce GTX 950M,2623,10
460,Radeon Ryzen 7 PRO 4750G,2620,10
461,Ryzen 7 PRO 5750GE with Radeon Graphics,2613,10
462,Radeon Pro WX 3100,2608,10
463,GRID M10-8Q,2606,10
464,Ryzen 5 5600GE with Radeon Graphics,2602,10
465,GeForce GTX 850M,2596,10
466,Ryzen 7 PRO 5750G with Radeon Graphics,2591,10
467,GeForce GT 1030,2586,10
468,Quadro K4100M,2584,10
469,GRID K240Q,2578,10
470,GeForce MX330,2578,10
471,GeForce GTX 650 Ti,2556,10
472,Ryzen 7 PRO 4750GE with Radeon Graphics,2550,10
473,GeForce MX250,2543,10
474,GeForce GTX 950A,2539,10
475,Radeon HD 6850 X2,2534,10
476,Radeon Pro WX 3200,2534,10
477,Ryzen 9 5980HS with Radeon Graphics,2534,10
478,FirePro W5100 Adapter,2531,9
479,FireStream 9370,2528,9
480,N18E-Q1,2525,9
481,Ryzen 5 PRO 5650GE with Radeon Graphics,2518,9
482,Ryzen 5 PRO 5650G with Radeon Graphics,2513,9
483,Radeon Ryzen 7 4700GE with,2496,9
484,Ryzen 7 4700GE with Radeon Graphics,2496,9
485,Ryzen 7 PRO 5850U with Radeon Graphics,2464,9
486,FirePro 3D V8800,2438,9
487,Radeon Ryzen 5 PRO 4650G,2427,9
488,Ryzen 5 5600H with Radeon Graphics,2418,9
489,Ryzen 7 5800U with Radeon Graphics,2416,9
490,GeForce GTX 960A,2411,9
491,Radeon RX Vega 11 PRD,2402,9
492,P106-090,2402,9
493,Radeon Ryzen 3 4300GE with,2402,9
494,Ryzen 3 4300GE with Radeon Graphics,2402,9
495,Ryzen 5 Pro 4650G with Radeon Graphics,2395,9
496,Ryzen 3 5300GE with Radeon Graphics,2386,9
497,Radeon Ryzen 7 5800U,2384,9
498,Ryzen 3 5300G with Radeon Graphics,2378,9
499,FirePro V8800 Adapter,2376,9
500,GeForce GTX 580M,2373,9
501,Radeon Ryzen 7 Microsoft Surface Edition,2372,9
502,GRID K280Q,2363,9
503,GeForce GTX 485M,2360,9
504,Radeon Ryzen 7 4700G,2351,9
505,Ryzen 7 4800U with Radeon Graphics,2344,9
506,Ryzen 3 PRO 5350G with Radeon Graphics,2341,9
507,Ryzen 3 PRO 5350GE with Radeon Graphics,2341,9
508,Ryzen 7 Extreme Edition,2339,9
509,GRID M10-2B,2333,9
510,Radeon Ryzen 5 PRO 4650G with,2333,9
511,GeForce MX150,2329,9
512,Radeon Ryzen 7 PRO 5850U,2325,9
513,GRID M10-1B,2310,9
514,Ryzen 5 PRO 4400G with Radeon Graphics,2306,9
515,Radeon Ryzen 3 4300GE,2299,9
516,FirePro V7900,2297,9
517,Radeon Ryzen 7 4800U with,2290,9
518,GeForce GTX 460,2285,9
519,Radeon Ryzen 7 4800U,2285,9
520,Quadro K3100M,2282,9
521,Radeon Ryzen 7 4700G with,2274,9
522,Radeon Ryzen 5 PRO 4400G with,2271,9
523,Quadro K620,2270,9
524,Radeon HD 6970M,2270,9
525,Radeon R7 250X,2269,9
526,FirePro V8800,2267,9
527,Radeon HD 8950,2267,9
528,Radeon HD 5870,2264,8
529,Intel UHD 770,2261,8
530,GeForce GTX 1070 with MaxQ Design,2251,8
531,Radeon HD 5970,2249,8
532,Radeon Ryzen 5 4600G,2243,8
533,Radeon RX 550X,2239,8
534,GRID P100-1B,2223,8
535,Radeon HD 6870,2211,8
536,Radeon Ryzen 3 PRO 4350G,2204,8
537,Ryzen 3 Pro 4350G with Radeon Graphics,2190,8
538,Radeon Ryzen 3 PRO 4350G with,2190,8
539,Radeon Ryzen 5 PRO 4650GE with,2188,8
540,Ryzen 5 PRO 5650U with Radeon Graphics,2188,8
541,Ryzen 7 4700G with Radeon Graphics,2187,8
542,RadeonT R7 450,2185,8
543,Radeon HD 7770,2183,8
544,Ryzen 3 PRO 4350GE with Radeon Graphics,2181,8
545,GeForce GTX 745,2178,8
546,Intel Iris Pro P580,2169,8
547,Quadro P520,2151,8
548,GeForce GTX 675MX,2150,8
549,Radeon Ryzen Embedded V2718,2149,8
550,Quadro M600M,2142,8
551,Radeon RX Vega 11,2137,8
552,Radeon Ryzen 7 PRO 4750GE,2123,8
553,Ryzen 7 4800H with Radeon Graphics,2113,8
554,Radeon TM R9 A360,2105,8
555,Radeon Ryzen 5 4600G with,2104,8
556,FirePro M5100,2103,8
557,Ryzen 5 5600U with Radeon Graphics,2101,8
558,FirePro M6100,2094,8
559,GeForce GTX 460 v2,2091,8
560,GeForce GTX 560 SE,2087,8
561,GRID M6-1Q,2069,8
562,Radeon Ryzen 5 Microsoft Surface Edition,2068,8
563,Radeon Ryzen 7 4700U,2063,8
564,Ryzen 5 4600G with Radeon Graphics,2062,8
565,Quadro 5000M,2060,8
566,GeForce GTX 480M,2051,8
567,Radeon Ryzen 3 PRO 4350GE with,2040,8
568,FirePro V7800,2034,8
569,Quadro M520,2034,8
570,Ryzen 5 PRO 4650GE with Radeon Graphics,2034,8
571,Intel Iris Pro 580,2032,8
572,Ryzen 7 4700U with Radeon Graphics,2032,8
573,Ryzen 7 PRO 4750U with Radeon Graphics,2028,8
574,Quadro K4000M,2026,8
575,Radeon R9 M470,2023,8
576,Radeon Ryzen 7 4700U with,2023,8
577,Quadro 5000,2019,8
578,Radeon Ryzen 7 PRO 4750U,2017,8
579,Ryzen 5 PRO 4500U with Radeon Graphics,2008,8
580,GeForce GT 645,2006,8
581,Radeon Ryzen 7 4800H with,2005,8
582,Radeon Ryzen 7 PRO 4750U with,1990,7
583,Radeon HD 6850,1986,7
584,Radeon R7 + R7 350 Dual,1982,7
585,Radeon Ryzen 5 5600U,1982,7
586,Radeon HD 5850,1981,7
587,Radeon R7 450,1972,7
588,GeForce GTX 460 SE,1970,7
589,Radeon R9 350,1964,7
590,Radeon R7 + HD 7700 Dual,1962,7
591,Radeon HD 7660D + HD 7700 Dual,1958,7
592,GeForce GTX 470M,1953,7
593,GeForce GTX 765M,1952,7
594,Ryzen 5 4600U with Radeon Graphics,1951,7
595,GeForce GTX 670MX,1938,7
596,Ryzen 5 4600H with Radeon Graphics,1937,7
597,Radeon Ryzen 5 4600H with,1931,7
598,Radeon R9 M385X,1929,7
599,Radeon Ryzen 5 4600U with,1924,7
600,GeForce GTX 570M,1923,7
601,Radeon RX 570X,1923,7
602,Radeon HD 7560D + 7700 Dual,1919,7
603,GeForce MX130,1918,7
604,GeForce GTX 675M,1904,7
605,Matrox C680 PCIe x16,1904,7
606,Ryzen 3 4300G with Radeon Graphics,1903,7
607,GeForce MX230,1899,7
608,Radeon HD 7700-serie,1899,7
609,Intel UHD P750,1898,7
610,Radeon HD 8670D + HD 7700 Dual,1892,7
611,Quadro 5010M,1891,7
612,Radeon Ryzen 5 PRO 5650U,1880,7
613,GeForce GTX 645,1878,7
614,GeForce 945M,1871,7
615,FirePro 3D V7800,1867,7
616,Intel Iris Plus,1861,7
617,GeForce 945A,1852,7
618,GRID T4-2Q,1850,7
619,Radeon RX 540,1844,7
620,Radeon RX Vega 11 Processor,1843,7
621,FirePro M5100 FireGL V,1839,7
622,GRID M60-0B,1838,7
623,Radeon HD 8570D + HD 7700 Dual,1835,7
624,Radeon R9 M375X,1835,7
625,Radeon Ryzen 5 4600U,1834,7
626,Radeon Vega 11,1831,7
627,Radeon R9 M385,1827,7
628,MxGPU,1826,7
629,FirePro M6000,1820,7
630,Radeon Ryzen 5 4500U,1818,7
631,Ryzen 5 4500U with Radeon Graphics,1814,7
632,Matrox C900 PCIe x16,1812,7
633,RadeonT RX 560X,1810,7
634,GeForce GTX 555,1807,7
635,GeForce GTX 670M,1807,7
636,Radeon R9 M275X,1802,7
637,Radeon HD 8870M / R9 M270X / M370X,1800,7
638,Radeon Ryzen 3 PRO 4200G with,1799,7
639,Ryzen 3 PRO 4200G with Radeon Graphics,1799,7
640,Embedded Radeon E9173,1798,7
641,Radeon Ryzen 5 4500U with,1798,7
642,Radeon R9 M360,1795,7
643,Intel Iris 650,1795,7
644,RadeonT 540X,1795,7
645,Radeon HD 8670D + 7700 Dual,1789,7
646,Radeon Ryzen 3 PRO 4200GE with,1784,7
647,Ryzen 3 PRO 4200GE with Radeon Graphics,1784,7
648,Intel Iris Plus 655,1772,7
649,Radeon Ryzen 5 PRO 4650U,1768,7
650,GeForce GTX 650,1767,7
651,Radeon Pro WX3200,1766,7
652,Radeon Ryzen 5 PRO 4650GE,1766,7
653,Radeon HD 5830,1759,7
654,FirePro W600,1752,7
655,Radeon Pro WX 4150,1752,7
656,Radeon Pro WX 2100,1752,7
657,Radeon RX Vega11,1751,7
658,Intel Iris Plus 645,1750,7
659,Ryzen 3 5400U with Radeon Graphics,1734,7
660,Radeon HD 6900M,1725,6
661,Intel UHD 750,1724,6
662,Radeon RX Vega 10,1719,6
663,Radeon Ryzen 3 PRO 4200GE,1712,6
664,Radeon,1706,6
665,Intel UHD,1701,6
666,FirePro W4100 Adapter,1693,6
667,Radeon Pro WX 4130,1693,6
668,Ryzen 5 PRO 4650U with Radeon Graphics,1690,6
669,GeForce GTX 760M,1681,6
670,Radeon R7 M380,1669,6
671,Radeon Ryzen 3 PRO 4350GE,1667,6
672,Radeon HD 7750,1665,6
673,Radeon Vega 9,1662,6
674,FirePro M6000 Mobility Pro,1655,6
675,DameWare Development Mirror Driver 64-bit,1654,6
676,Intel Iris Pro P6300,1654,6
677,Radeon HD HD7850M,1652,6
678,Radeon Ryzen 5 PRO 4650U with,1648,6
679,Radeon Pro,1643,6
680,Quadro K3000M,1642,6
681,Radeon HD 8870M,1638,6
682,Quadro P400,1633,6
683,Firepro W5170M,1626,6
684,Quadro K2000D,1618,6
685,Ryzen 7 2700U with Radeon Vega,1617,6
686,FirePro M4000 Mobility Pro,1615,6
687,Seria Radeon HD 7700,1604,6
688,Radeon R7 M465X,1598,6
689,Radeon Vega 8,1597,6
690,Intel Iris Plus 650,1596,6
691,FirePro M4000,1592,6
692,GeForce GT 755M,1590,6
693,Radeon HD 6790,1588,6
694,Radeon RX Vega 8,1586,6
695,Radeon E8860,1577,6
696,Radeon R9 M275X / M375,1575,6
697,Quadro K2000,1569,6
698,15DD,1568,6
699,GeForce GTX 550 Ti,1567,6
700,Quadro P500,1566,6
701,GeForce GTX 285,1561,6
702,Ryzen 3 PRO 5450U with Radeon Graphics,1556,6
703,Radeon HD 7560D + HD 6670 Dual,1555,6
704,Radeon Vega 10,1549,6
705,Radeon Ryzen 3 PRO 4450U,1548,6
706,Radeon HD 8470D + HD 7500 Dual,1545,6
707,Intel UHD 730,1545,6
708,FirePro W4100,1544,6
709,Ryzen 3 PRO 4300U with Radeon Graphics,1543,6
710,FirePro V8700,1539,6
711,Ryzen 3 PRO 4450U with Radeon Graphics,1538,6
712,Radeon Ryzen 7 PRO 5750G,1526,6
713,Radeon HD 4890,1521,6
714,Intel Iris Pro 6200,1521,6
715,GeForce 940MX,1516,6
716,FirePro W6150M,1515,6
717,GeForce GT 740,1512,6
718,Radeon HD 7870M,1507,6
719,Radeon Ryzen 3 4300G,1505,6
720,Ryzen 5 2500U with Radeon Vega,1503,6
721,Radeon HD 6670 + 7660D Dual,1492,6
722,Radeon HD 7660D + HD 6670 Dual,1485,6
723,Radeon Ryzen 3 4300G with,1484,6
724,Quadro 4000,1483,6
725,Radeon R9 M365X,1482,6
726,FirePro V5800 Adapter,1479,6
727,GeForce MX110,1478,6
728,"Radeon R5 A10-9630P RADEON R5, 10 COMPUTE CORES 4C",1463,5
729,Radeon Vega 10 Mobile,1457,5
730,Radeon Vega 8 Mobile,1448,5
731,Radeon Ryzen 5 PRO 4400GE with,1442,5
732,Ryzen 5 PRO 4400GE with Radeon Graphics,1442,5
733,Radeon HD 8470D + HD 6670 Dual,1436,5
734,Intel Iris Pro Graphics 6200,1435,5
735,GeForce 845M,1430,5
736,Radeon HD 7560D + 7670 Dual,1426,5
737,Radeon R7 A10-7870K,1423,5
738,GeForce GTX 275,1421,5
739,GeForce GTX 660M,1419,5
740,Radeon R7 M370,1418,5
741,Radeon 550X,1412,5
742,Radeon Pro WX 4170,1409,5
743,Radeon RX 640,1401,5
744,Radeon 540X,1398,5
745,FirePro W5130M,1386,5
746,Radeon HD 7560D + HD 7670 Dual,1380,5
747,Radeon HD 4870,1376,5
748,Radeon R7 PRO A12-8870,1376,5
749,Radeon R9 M370X,1375,5
750,Radeon HD 7850M,1373,5
751,Quadro K2100M,1368,5
752,FirePro M40003,1364,5
753,RadeonT RX 640,1363,5
754,Radeon HD 8670D + 6670 Dual,1361,5
755,Intel UHD 630,1350,5
756,Ryzen 3 4300U with Radeon Graphics,1348,5
757,Radeon Ryzen 3 4300U with,1348,5
758,Radeon HD 5770,1347,5
759,Radeon HD 7560D + HD 7700 Dual,1347,5
760,FireStream 9270,1341,5
761,Intel Iris 550,1338,5
762,Radeon Ryzen 3 PRO 4450U with,1338,5
763,GeForce GT 750M,1332,5
764,GeForce GTS 450,1329,5
765,Intel Iris Plus 640,1325,5
766,GeForce 930MX,1319,5
767,Radeon HD 8670D + HD 7600 Dual,1318,5
768,FirePro M5950,1314,5
769,Radeon Vega 11 Mobile,1313,5
770,Radeon R7 PRO A8-8670E,1310,5
771,Radeon HD 4870 X2,1309,5
772,Radeon HD 8790M,1306,5
773,Radeon R7 M465,1306,5
774,Tesla M2070-Q,1306,5
775,Intel HD P530,1304,5
776,TENSOR 1.0 Driver Intel HD 630,1300,5
777,Quadro 4000M,1299,5
778,Radeon Ryzen Embedded V2748,1296,5
779,Radeon Ryzen 3 4300U,1290,5
780,Radeon R7 A370,1281,5
781,Radeon 630,1281,5
782,Radeon 540,1280,5
783,FirePro V5900,1279,5
784,FirePro V8750,1277,5
785,FirePro 3D V8750,1272,5
786,Radeon Vega 6,1270,5
787,GeForce GPU,1265,5
788,Radeon HD 8570D + HD 6670 Dual,1261,5
789,Radeon HD 7560D + HD 7600 Dual,1258,5
790,Quadro FX 5800,1254,5
791,Radeon R9 255,1251,5
792,Intel HD P630,1250,5
793,Intel Iris 540,1247,5
794,Quadro 2000 D,1239,5
795,Radeon HD 8570D + 6570 Dual,1239,5
796,Radeon HD 7660D + 6670 Dual,1238,5
797,"Radeon R5 PRO A6-8570 R5, 8 COMPUTE CORES 2C+6G",1238,5
798,Radeon HD 7560D + HD 6570 Dual,1237,5
799,Microsoft Remote Display Adapter,1236,5
800,Radeon R7 + R5 340 Dual,1235,5
801,GeForce GTX 560M,1232,5
802,FirePro 3D V5800,1232,5
803,Radeon R7 + R7 250 Dual,1232,5
804,Radeon HD 8670D + HD 6670 Dual,1222,5
805,Radeon HD 7730,1219,5
806,Radeon HD 6770,1212,5
807,Radeon HD 4800 Serisi,1211,5
808,Radeon HD 8790M / R9 M290X,1211,5
809,"Radeon R7 A10-7890K Radeon R7, 12 Compute Cores 4C",1210,5
810,FirePro 3D V8700,1206,5
811,FirePro V4800,1205,5
812,N16P-GX,1205,5
813,Radeon R9 M270X,1204,5
814,Radeon HD 7660D + 7540D Dual,1204,5
815,Radeon 625,1201,5
816,GeForce GTX 260,1200,5
817,GeForce GTX 460M,1198,4
818,Radeon R7 250,1197,4
819,GeForce GTX 280,1196,4
820,GeForce GT 640,1192,4
821,Radeon HD 7750M,1191,4
822,Radeon R7 +8G,1191,4
823,GeForce GT 650M,1187,4
824,FirePro V5800,1183,4
825,GeForce 840A,1180,4
826,FireStream 9250,1165,4
827,Quadro K620M,1165,4
828,Radeon HD 5750,1161,4
829,Barco MXRT 5400,1161,4
830,Radeon R7 430,1161,4
831,Intel Coffee Lake UHD,1158,4
832,GeForce GTX 295,1148,4
833,GeForce 940A,1145,4
834,GeForce GT 745A,1144,4
835,Radeon HD 8850M / R9 M265X,1140,4
836,Intel HD 630,1137,4
837,Radeon HD 4850 X2,1132,4
838,"Radeon R7 A8-7600 Radeon R7, 10 Compute Cores 4C+6",1132,4
839,Radeon HD 7560D + 6670 Dual,1131,4
840,Radeon R7 + R7 200 Dual,1129,4
841,NVS 810,1129,4
842,Radeon R7 PRO A12-8870E,1127,4
843,Radeon HD 8650G + 7700M Dual,1126,4
844,Radeon HD 7660D + 7500 Dual,1121,4
845,Radeon R7 PRO A12-9800,1117,4
846,Radeon R9 M275,1115,4
847,Radeon R7 A10-8850,1115,4
848,Firepro W4190M,1109,4
849,GeForce 940M,1106,4
850,Quadro M500M,1104,4
851,GeForce GT 545,1100,4
852,Radeon HD 7660D + 6570 Dual,1100,4
853,Radeon R7 A10-9700E RADEON,1100,4
854,Quadro 2100M,1100,4
855,"Radeon R7 PRO A10-8750B R7, 12 Compute Cores 4C+8G",1099,4
856,Quadro K1100M,1097,4
857,Radeon R5 PRO A6-9500 2C+6G,1096,4
858,GeForce GTX 850M - MODDED,1092,4
859,GeForce 920MX,1087,4
860,GeForce 930A,1082,4
861,MIRRORV3,1081,4
862,Barco MXRT 5450,1079,4
863,Radeon Vega 3 Mobile,1071,4
864,Radeon 535,1070,4
865,Radeon HD 8450G + 8600/8700M Dual,1070,4
866,FirePro M4170,1067,4
867,Radeon R7 A12-9800E RADEON,1066,4
868,GeForce 840M,1063,4
869,Radeon R7 FX-9830P RADEON,1063,4
870,Radeon HD 7660D + 7670 Dual,1062,4
871,Radeon HD 7520G + 7700M Dual,1061,4
872,GeForce GTX 760A,1060,4
873,Firepro M4100,1059,4
874,OPAL XT/GL,1053,4
875,Radeon HD 7670A,1050,4
876,GeForce GTX 850A,1050,4
877,Radeon R7 PRO A8-9600,1049,4
878,Mobility Radeon HD 5870,1048,4
879,Radeon R7 A12-9730P RADEON,1047,4
880,Radeon R7 + R7 240 Dual,1045,4
881,Radeon R7 M460,1044,4
882,Radeon R7 Opteron X3421,1044,4
883,Intel UHD Graphics 620,1040,4
884,Radeon HD 8570D + 6670 Dual,1040,4
885,"Radeon R7 A10-7850K Radeon R7, 12 Compute Cores 4C",1034,4
886,Radeon HD 8570D + HD 8570 Dual,1033,4
887,Quadro K2000M,1030,4
888,Radeon HD 8600/8700M,1030,4
889,Quadro 3000M,1029,4
890,Radeon HD7570,1029,4
891,"Radeon R7 A10-7860K Radeon R7, 12 Compute Cores 4C",1029,4
892,Radeon R7 + R5 330 Dual,1028,4
893,Radeon R7 M350,1027,4
894,Radeon R9 A375,1024,4
895,GeForce GT 745M,1023,4
896,GeForce 930M,1022,4
897,Radeon HD 8670D + R7 240 Dual,1020,4
898,Radeon HD 6700M,1017,4
899,Intel Iris Pro 5200,1016,4
900,"Radeon R5 A6-9500E RADEON R5, 6 COMPUTE CORES 2C+4",1015,4
901,Radeon R5 A6-9500E 2C+4G,1015,4
902,Radeon HD 6750,1012,4
903,RadeonT R5 430,1012,4
904,GeForce 830M,1010,4
905,"Radeon R7 A10-7800 Radeon R7, 12 Compute Cores 4C+",1010,4
906,Radeon HD 7690M XT,1009,4
907,GeForce 830A,1005,4
908,Radeon HD 7690M,1003,4
909,Radeon R5 340,1002,4
910,Radeon HD 7660G + HD 7500/7600 7500/7600 Dual,1002,4
911,"Radeon R5 PRO A6-9500 R5, 8 COMPUTE CORES 2C+6G",1000,4
912,Radeon HD 8570D + R7 200 Dual,999,4
913,Radeon HD 7660G + HD 7500M/7600M Dual,999,4
914,Radeon R7 A10-9700 RADEON,998,4
915,Radeon HD 7640G + HD 8750M Dual,997,4
916,Radeon R7 A12-9800 RADEON,993,4
917,Radeon R7 PRO A12-9800E,989,4
918,Intel HD 620,988,4
919,Radeon HD 7560D + 7570 Dual,985,4
920,Radeon HD 8690M,984,4
921,Radeon HD 7560D + 7560D Dual,983,4
922,FirePro M4150,982,4
923,Intel HD 530,981,4
924,FirePro V4900,977,4
925,Radeon R5 A10-9630P 4C+6G,977,4
926,Radeon HD 8670D + 8570 Dual,974,4
927,Radeon E6760,973,4
928,Radeon HD 8850M,973,4
929,Quadro FX 4800,971,4
930,"Radeon R6 A10-9600P RADEON R5, 10 COMPUTE CORES 4C",970,4
931,Radeon R6 A10-9600P 4C+6G,970,4
932,Radeon HD 7660G N HD 7660G + HD 7700M N HD 7700M D,967,4
933,Radeon HD 8570,965,4
934,Quadro 2000D,964,4
935,Radeon HD 6770M,964,4
936,Radeon HD 8570D + R7 240 Dual,964,4
937,Radeon R7 M270DX,962,4
938,Radeon HD8570,960,4
939,Radeon R7 A10-7850K,960,4
940,GeForce GT 645M,958,4
941,Radeon R7 A10 PRO-7850B,958,4
942,"Radeon R7 A10 PRO-7850B R7, 12 Compute Cores 4C+8G",956,4
943,Radeon R7 A265,955,4
944,Radeon R7 PRO A10-8770,955,4
945,Radeon R6 Opteron X3418,955,4
946,Radeon Ryzen 3 5400U,955,4
947,Radeon HD 8870M / R9 M270X,950,4
948,Radeon HD 8670D + R7 200 Dual,950,4
949,Radeon R7 M260X,950,4
950,Radeon HD 8570 + HD 7660D Dual,949,4
951,Radeon HD 4850,948,4
952,Radeon R7 A8-7500,948,4
953,Quadro CX,947,4
954,Radeon 530,947,4
955,Radeon HD 6670/7670,946,4
956,Radeon HD 7640G + 7690M Dual,946,4
957,Radeon R7 PRO A10-8850B,945,4
958,zxcvIntel HD 620,944,4
959,Radeon HD 7660D + R7 240 Dual,942,4
960,Quadro 2000,940,4
961,Radeon HD 6750M,937,4
962,Radeon HD 7560D + HD 8570 Dual,936,4
963,Radeon R7 A10-7860K,935,4
964,Radeon R7 PRO A10-9700E,933,3
965,Radeon HD 7660G + 7730M Dual,931,3
966,Radeon R7 340,931,3
967,Radeon R7 240 + HD 8670D Dual,930,3
968,Radeon R9 M265X,930,3
969,"Radeon R7 PRO A8-8650B R7, 10 Compute Cores 4C+6G",928,3
970,Radeon R5 430,928,3
971,Radeon. HD 7730M,928,3
972,Intel Iris Pro 6100,925,3
973,FirePro W4170M,924,3
974,Radeon R9 M280X,922,3
975,Intel HD Graphics 620,920,3
976,Radeon R7 240 + HD 8570D Dual,918,3
977,Radeon R7 PRO A10-8770E,917,3
978,"Radeon R7 PRO A10-8850B R7, 12 Compute Cores 4C+8G",916,3
979,"Radeon R7 A10-8750 Radeon R7, 12 Compute Cores 4C+",915,3
980,GRID M10-0Q,914,3
981,Radeon R7 A8-8650,913,3
982,GRID K220Q,912,3
983,GRID M6-0B,912,3
984,Radeon R7 M445,911,3
985,Radeon 6750M,911,3
986,Radeon 620,907,3
987,Radeon HD 4770,906,3
988,Radeon HD 8550G + 7600M Dual,901,3
989,Barco MXRT 7400,901,3
990,Barco MXRT 2600,900,3
991,Radeon R7 + R5 Dual,898,3
992,Radeon R7 M365X,898,3
993,GeForce GT 640M,897,3
994,7900 MOD - Radeon HD 6550D,893,3
995,Intel UHD 620,889,3
996,Radeon Vega 3,887,3
997,Radeon R7 + R5 435 Dual A10-9700 RADEON,886,3
998,Radeon HD 8650G + 7670M Dual,884,3
999,Radeon R7 A10-8750,884,3
1000,FirePro W2100,883,3
1001,Radeon R7 PRO A12-8830B,883,3
1002,Radeon HD 7660G + HD 7730M Dual,882,3
1003,GeForce GT 445M,881,3
1004,Intel Iris 6100,879,3
1005,GeForce 920A,879,3
1006,"Radeon R5 PRO A6-9500E R5, 6 COMPUTE CORES 2C+4G",877,3
1007,LMIMIRR,875,3
1008,Radeon HD 4830,874,3
1009,Radeon HD 8750M,874,3
1010,Intel UHD 617,874,3
1011,Radeon R7 G,870,3
1012,Radeon HD 8570D + HD 6570 Dual,868,3
1013,Mobility Radeon HD 4850,866,3
1014,"Radeon R5 PRO A6-8570E R5, 6 COMPUTE CORES 2C+4G",866,3
1015,Radeon R7 M440,865,3
1016,FirePro W2100 Adapter,864,3
1017,Radeon HD 8470D + HD 6450 Dual,863,3
1018,Intel HD 520,862,3
1019,Radeon R7 A8-7670K,862,3
1020,"Radeon R5 A6-9500 RADEON R5, 8 COMPUTE CORES 2C+6G",859,3
1021,Radeon R7 240,858,3
1022,Radeon HD 8550G + HD 7600M Dual,855,3
1023,FirePro 3D V4800,854,3
1024,Intel HD 6000,853,3
1025,Radeon HD 8500M/8700M,853,3
1026,"Radeon R7 A8-8650 Radeon R7, 10 Compute Cores 4C+6",853,3
1027,"Radeon R7 A8-7500 Radeon R7, 10 Compute Cores 4C+6",853,3
1028,Radeon R5 A6-9500 2C+6G,853,3
1029,Radeon R7 A8-7500 4C+6G,853,3
1030,GeForce GT 635,852,3
1031,Radeon R5 PRO A6-8570 2C+6G,847,3
1032,Radeon R5 435,841,3
1033,FireGL V8600,839,3
1034,Radeon HD 8470D + 6570 Dual,838,3
1035,Radeon HD 8670D + R5 235 Dual,837,3
1036,GeForce GT 730M,836,3
1037,Radeon HD 6650A,836,3
1038,Radeon HD 7560D + 6570 Dual,833,3
1039,Radeon HD 8650G + 8600/8700M Dual,832,3
1040,Radeon HD 7660G + 7600M Dual,832,3
1041,Radeon HD 7520G + HD 7500/7600 Dual,832,3
1042,Intel HD 5200,830,3
1043,Radeon. HD 7670M,828,3
1044,GRID M60-0Q,827,3
1045,3DP Edition,827,3
1046,Radeon HD 7640G N HD 7640G + HD 7600M N HD 7600M D,824,3
1047,Radeon HD 3850 X2,822,3
1048,Radeon R7 M260DX,822,3
1049,Radeon HD 7540D + 7500 Dual,822,3
1050,Radeon HD 8650G + HD 7600M Dual,820,3
1051,Radeon R7 PRO A10-9700,820,3
1052,Radeon 520,820,3
1053,Radeon HD 8550G + HD 8750M Dual,819,3
1054,Radeon R7 A10 Extreme Edition,816,3
1055,Radeon R7 FX-8800P,813,3
1056,Radeon 535DX,813,3
1057,Radeon HD 8670D + 7000 Dual,812,3
1058,GRID K1,811,3
1059,Radeon R5 M435,809,3
1060,Radeon R5 A6-7480,806,3
1061,Radeon HD 8550G + 8600/8700M Dual,803,3
1062,Radeon HD 8650G + HD 8790M Dual,800,3
1063,GeForce 9800 GX2,798,3
1064,Radeon R7 A8-9600 RADEON,798,3
1065,GeForce GT 730,797,3
1066,Radeon HD 8550G + 8750M Dual,796,3
1067,Radeon HD 8650G N HD 8650G + HD 8600/8700M Dual,796,3
1068,Quadro 2000M,795,3
1069,Radeon HD 7670,791,3
1070,"Radeon R5 PRO A8-9600B R5, 10 COMPUTE CORES 4C+6G",788,3
1071,Radeon HD 8650G + 8750M Dual,787,3
1072,Radeon HD 5670,785,3
1073,GeForce GT 740M,784,3
1074,Radeon R8 M445DX,784,3
1075,Quadro K420,782,3
1076,"Radeon R7 PRO A6-9500 R5, 8 COMPUTE CORES 2C+6G",781,3
1077,Radeon R7 PRO A6-9500 2C+6G,781,3
1078,Radeon R7 A365,781,3
1079,Radeon HD 8650G + HD 8750M Dual,779,3
1080,Radeon R9 M375,779,3
1081,Radeon R7 PRO A12-9800B,779,3
1082,"Radeon R7 A10-7870K Radeon R7, 12 Compute Cores 4C",778,3
1083,GRID P40-4Q,778,3
1084,Quadro FX 3800,777,3
1085,Radeon HD 7660G + HD 7700M Dual,777,3
1086,Radeon HD 7640G + 7500M/7600M Dual,776,3
1087,RadeonT Vega 3,775,3
1088,GeForce GT 340,774,3
1089,Quadro K1000M,774,3
1090,Radeon HD 7600M + 7600M Dual,773,3
1091,Mobility Radeon HD 5000,773,3
1092,Radeon HD 8650G N HD 8650G + HD 8570M Dual,773,3
1093,GeForce 730A,773,3
1094,Radeon R7 PRO A10-8750B,773,3
1095,Intel UHD 615,773,3
1096,GeForce GT 440,772,3
1097,Radeon R5 PRO A6-9500E 2C+4G,771,3
1098,Quadro K600,769,3
1099,GeForce 9800 GTX,769,3
1100,Radeon HD 4810,769,3
1101,GeForce 825M,769,3
1102,Radeon R7 A10-7890K,768,3
1103,Radeon HD 8650G + HD 8600/8700M Dual,764,3
1104,Mobility Radeon HD 5850,763,3
1105,Radeon HD 6450 + 8470D Dual,763,3
1106,Radeon HD 7660G + HD 7500/7600 Dual,760,3
1107,Radeon R7 PRO A10-9700B,758,3
1108,Radeon HD 7660G + HD 8500M Dual,758,3
1109,Radeon HD 8650G + HD 8600M N HD 8600M Dual,758,3
1110,Radeon HD 7660G + 7700M Dual,757,3
1111,Intel Iris 5100,755,3
1112,Quadro 1100M,755,3
1113,Radeon R7 A12-9720P RADEON,754,3
1114,Radeon HD 7640G + 7450M Dual,754,3
1115,Radeon R7 A8-7600,753,3
1116,Radeon HD 8570D + HD 7000 Dual,753,3
1117,"Radeon R7 A8-7670K Radeon R7, 10 Compute Cores 4C+",750,3
1118,IncrediblE HD 4600,750,3
1119,Radeon M535DX,750,3
1120,Radeon HD 6650M,749,3
1121,Radeon HD 7640G + 7650M Dual,747,3
1122,Radeon HD 7660G + HD 8600/8700M Dual,747,3
1123,Radeon HD 7660G + 7610M Dual,746,3
1124,Radeon R7 M270,746,3
1125,Radeon HD 8670D + R5 330 Dual,746,3
1126,Radeon R5 235 + HD 7560D Dual,744,3
1127,Radeon HD 7660G + 7670M Dual,743,3
1128,GeForce GT 730A,743,3
1129,Radeon HD 8650G + 7600M Dual,742,3
1130,Radeon R8 M365DX,741,3
1131,Radeon R7 A8-7680,740,3
1132,Radeon HD 6670,739,3
1133,Intel Poison Ivy,739,3
1134,Radeon HD 7670M + 7670M Dual,738,3
1135,Radeon R5 235 + HD 8570D Dual,738,3
1136,Radeon R7 PRO A12-8800B,735,3
1137,Radeon R7 A10-7700K,733,3
1138,Quadro K610M,732,3
1139,Intel UHD 610,732,3
1140,Radeon R5 A10-9620P 4C+6G,732,3
1141,Radeon HD 7550M/7650M,729,3
1142,Radeon HD 6800M,728,3
1143,NVS 510,728,3
1144,GRID K140Q,728,3
1145,Radeon R7 FX-9800P RADEON,727,3
1146,Radeon R7 A10-7800,725,3
1147,GeForce 720A,725,3
1148,GeForce 920M,724,3
1149,Radeon HD 7660G N HD 7660G + HD 7600M N HD 7600M D,723,3
1150,Radeon HD 8650G + R5 M200 Dual,723,3
1151,Intel HD 615,721,3
1152,Asus GTX 650 FML II EC-EGPU,721,3
1153,Mobility Radeon HD 4870,720,3
1154,Radeon HD 7540D + 6570 Dual,720,3
1155,Radeon HD 8670D + HD 7000 Dual,719,3
1156,Radeon HD 8470D + 6450 Dual,717,3
1157,Radeon HD 8650G + HD 8570M Dual,716,3
1158,Intel HD 5600,712,3
1159,Radeon HD 7660G + HD 8670M Dual,711,3
1160,Radeon HD 3870 X2,709,3
1161,Radeon HD 6550A,708,3
1162,"Radeon R7 A10 PRO-7800B R7, 12 Compute Cores 4C+8G",708,3
1163,Radeon HD 7660G + HD 7670M Dual,707,3
1164,GeForce GT 740A,707,3
1165,Radeon HD 7640G + 7600M Dual,706,3
1166,Radeon HD 7660G N HD 7660G + HD 7670M Dual,705,3
1167,"Radeon R5 A10-9600P RADEON R5, 10 COMPUTE CORES 4C",705,3
1168,Radeon HD 7640G + HD 7600M Dual,704,3
1169,Radeon HD 7570M/HD 7670M,699,3
1170,TRINITY DEVASTATOR MOBILE,699,3
1171,Radeon R8 M535DX,699,3
1172,"Radeon R5 A10-9620P RADEON R5, 10 COMPUTE CORES 4C",698,3
1173,GeForce GT 555M,697,3
1174,Radeon R5 PRO A10-8730B 4C+6G,695,3
1175,Radeon R7 PRO A8-8650B,693,3
1176,Radeon R5 PRO A6-9500B 2C+4G,693,3
1177,Radeon HD 7640G + 7700M Dual,691,3
1178,"Radeon R5 PRO A6-8530B R5, 6 COMPUTE CORES 2C+4G",690,3
1179,Radeon R7E,690,3
1180,Radeon R5 PRO A6-8530B 2C+4G,690,3
1181,Radeon HD 7640G + 8600/8700M Dual,689,3
1182,GeForce GT 530,686,3
1183,Radeon HD 8650G + R5 M230 Dual,686,3
1184,Radeon HD 8550D,685,3
1185,Radeon HD 6630M,685,3
1186,GRID P40-3Q,681,3
1187,Radeon HD 7640G N HD 7640G + HD 7670M Dual,680,3
1188,Radeon HD 8650G N HD 8650G + HD 8600M N HD 8600M D,680,3
1189,GeForce GT 630,679,3
1190,GeForce GTS 160M,679,3
1191,"Radeon R7 A8-7650K Radeon R7, 10 Compute Cores 4C+",679,3
1192,Radeon R7 A12-9700P RADEON,678,3
1193,Radeon HD 7640G + HD 8670M Dual,677,3
1194,GeForce GT 640M LE,676,3
1195,GeForce GTX 285M,676,3
1196,Quadro FX 4700 X2,676,3
1197,Radeon HD 8610G + R5 M200 Dual,676,3
1198,Radeon R7 A360,676,3
1199,FirePro V3900,672,3
1200,Intel HD 610,672,3
1201,Radeon HD 7640G + HD 8500M N HD 8500M Dual,666,2
1202,Radeon HD 8730M,666,2
1203,FirePro M7740,665,2
1204,Radeon HD 8550G + 8690M Dual,664,2
1205,Quadro 500M,664,2
1206,Radeon HD 5600/5700,661,2
1207,FireGL V7700,660,2
1208,Radeon HD 2900 XT,660,2
1209,Radeon R5 PRO A8-9600B 4C+6G,659,2
1210,GeForce GT 140,658,2
1211,Radeon HD 7640G + 8750M Dual,655,2
1212,Radeon HD 7730M,655,2
1213,Radeon HD 8550G + HD 8600/8700M Dual,655,2
1214,Radeon HD 8650G + 8570M Dual,654,2
1215,Professional HD Driver,654,2
1216,Radeon Dual,652,2
1217,GeForce GTS 360M,651,2
1218,Radeon HD 7520G + HD 8750M Dual,651,2
1219,SUMO 9640,650,2
1220,Radeon R6,649,2
1221,Radeon R5 M430,649,2
1222,Radeon R7 A8-7650K,648,2
1223,Radeon HD 6670 + 6670 Dual,647,2
1224,FireStream 9170,647,2
1225,Radeon HD 8610G + HD 8500M Dual,646,2
1226,Radeon HD 7640G + 7670M Dual,645,2
1227,Intel HD P4600/P4700,643,2
1228,Radeon R7 M340,643,2
1229,Radeon HD 7540D + HD 6450 Dual,643,2
1230,GeForce 8800 Ultra,639,2
1231,GeForce GT 710,639,2
1232,Radeon R5 PRO A6-8570E 2C+4G,638,2
1233,Radeon HD 8450G + 8750M Dual,637,2
1234,Radeon HD 7640G + 7400M Dual,637,2
1235,GeForce 9800 S,636,2
1236,NVS 5400M,635,2
1237,Radeon HD 8650G + 8670M Dual,635,2
1238,Matrox C420 LP PCIe x16,635,2
1239,Radeon HD 8650G + HD 7670M Dual,634,2
1240,Radeon HD 7660D + HD 7000 Dual,634,2
1241,Radeon HD 7610M,632,2
1242,Radeon HD 7660G + 7470M Dual,631,2
1243,Radeon HD 7640G + HD 7700M N HD 7700M Dual,631,2
1244,Radeon HD 7570,630,2
1245,Radeon HD 8510G + HD 8500M Dual,630,2
1246,GeForce 9800 GTX/9800 GTX+,628,2
1247,Radeon HD 2900 PRO,628,2
1248,GRID K160Q,628,2
1249,Intel HD 4600,627,2
1250,Radeon HD 8650G + 8500M Dual,627,2
1251,Radeon HD 7640G + 7500/7600 Dual,627,2
1252,GeForce GT 820M,626,2
1253,Radeon R5 A6-8500P,625,2
1254,Radeon HD 7520G + HD 8600/8700M Dual,624,2
1255,Radeon R7 A8 PRO-7600B,623,2
1256,GeForce GTS 240,622,2
1257,GeForce 810A,622,2
1258,GeForce GTX 280M,621,2
1259,Radeon HD 7640G + HD 7400M Dual,621,2
1260,Radeon HD 8570 + 8670D Dual,620,2
1261,Intel HD 510,620,2
1262,Radeon HD 8550G + R5 M200 Dual,619,2
1263,Radeon R5 A10-9600P 4C+6G,619,2
1264,Radeon HD 8550G + 8600M Dual,618,2
1265,Radeon HD 7500G + 7500M/7600M Dual,617,2
1266,FireGL V7600,616,2
1267,Radeon HD 7660G + HD 7600M Dual,616,2
1268,GeForce GTS 250,615,2
1269,Intel HD 515,614,2
1270,Radeon HD 8650G + 8600M Dual,613,2
1271,Radeon HD 8550G N HD 8550G + HD 8600M N HD 8600M D,612,2
1272,7900 MOD - Radeon HD 6520G,610,2
1273,Quadro K510M,610,2
1274,Radeon HD 8610G + 8500M Dual,610,2
1275,GeForce 8800 GTS 512,607,2
1276,Radeon HD 7640G + HD 8500M Dual,607,2
1277,Radeon R7 M265,607,2
1278,Radeon HD 8650G + HD 8600M Dual,606,2
1279,Intel HD P4600,605,2
1280,"Radeon R5 A6-9400 RADEON R5, 6 COMPUTE CORES 2C+4G",605,2
1281,Radeon HD 8550G + 8500M Dual,603,2
1282,Quadro 1000M,602,2
1283,Radeon. R7 M260,602,2
1284,GeForce GT 720A,601,2
1285,Radeon HD 8610G + 8670M Dual,600,2
1286,GeForce 8800 GTX,596,2
1287,Radeon HD 8510G + 8500M Dual,596,2
1288,Radeon R5 M330,596,2
1289,Radeon HD 7640G + 7470M Dual,595,2
1290,Radeon HD 8550G + HD 8600M Dual,594,2
1291,Quadro FX 3800M,592,2
1292,Radeon HD 7520G + 7600M Dual,591,2
1293,GeForce GT 720,589,2
1294,Radeon HD 8610G + 8600M Dual,589,2
1295,Radeon HD 7640G + HD 7700M Dual,589,2
1296,"Radeon R5 PRO A10-8730B R5, 10 COMPUTE CORES 4C+6G",589,2
1297,GeForce GT 430,588,2
1298,Radeon HD 7660G + 8670M Dual,588,2
1299,Radeon HD 7520G + 7610M Dual,588,2
1300,Radeon HD 7660G + 7400M Dual,588,2
1301,Radeon HD 7640G + HD 8600/8700M Dual,587,2
1302,GeForce GT 550M,586,2
1303,Radeon HD 7640G + 8500M Dual,586,2
1304,Radeon HD 8650G + HD 8670M Dual,585,2
1305,Radeon HD 7520G + 7500/7600 Dual,582,2
1306,Intel HD 5500,580,2
1307,Radeon HD 8550G + 8670M Dual,579,2
1308,Radeon HD 8610G + HD 8670M Dual,578,2
1309,GeForce 910M,578,2
1310,Radeon HD 8450G + R5 M230 Dual,578,2
1311,Radeon HD 7620G + 8670M Dual,577,2
1312,Intel Skylake HD DT GT2,577,2
1313,Radeon R5 A240,576,2
1314,Radeon HD 8450G + HD 8670M Dual,575,2
1315,Radeon R5 420,575,2
1316,Radeon HD 7520G + HD 7700M Dual,575,2
1317,Radeon HD 7520G N HD 7520G + HD 7500/7600 7500/760,575,2
1318,GeForce GT 735M,573,2
1319,FirePro V7750,572,2
1320,Radeon R5 330,572,2
1321,Radeon R6 M255DX,572,2
1322,Radeon HD 3870,571,2
1323,Radeon R6 + R7 M265DX Dual,571,2
1324,GeForce GTS 250M,569,2
1325,Radeon HD 7560D + 6450 Dual,569,2
1326,GeForce 820A,568,2
1327,Radeon 6600M,566,2
1328,Radeon HD 6610M,565,2
1329,Radeon HD 7650A,564,2
1330,GeForce GT 635M,563,2
1331,Radeon HD 7560D + R5 235 Dual,563,2
1332,Quadro FX 5600,562,2
1333,Radeon R7 A10 PRO-7800B,562,2
1334,Radeon R7 M360,562,2
1335,Radeon R6 A8-8600P,560,2
1336,Radeon HD 7640G + R5 M200 Dual,559,2
1337,Radeon HD 8550G + HD 8500M Dual,559,2
1338,Radeon HD 7640G + 8570M Dual,558,2
1339,Intel HD 5000,558,2
1340,Radeon HD 7640G + 8670M Dual,558,2
1341,Radeon HD 7600G + HD 7500M/7600M Dual,555,2
1342,GF117,554,2
1343,GeForce 615,552,2
1344,Radeon R7 7850A10-7850K,551,2
1345,FireGL V8650,550,2
1346,GeForce GT 240,549,2
1347,Radeon R5 M335,549,2
1348,Mobility Radeon HD 3870,548,2
1349,Quadro 600,547,2
1350,Mobility Radeon HD 5570,547,2
1351,FirePro 3D V5700,547,2
1352,Radeon HD 8550G + HD 8670M Dual,546,2
1353,Radeon HD 8450G + 8600M Dual,545,2
1354,FirePro 3D V7750,545,2
1355,Radeon HD 7520G + HD 7400M Dual,545,2
1356,GeForce GT 630M,544,2
1357,Radeon HD 7600G + HD 8670M Dual,544,2
1358,Quadro FX 2700,543,2
1359,Radeon HD 7520G + 7470M Dual,543,2
1360,Radeon HD 8670D,540,2
1361,Radeon R7 M265DX,540,2
1362,"Radeon R6 PRO A10-8700B R6, 10 Compute Cores 4C+6G",539,2
1363,GeForce 9800 GTX+,538,2
1364,GeForce GT620M,538,2
1365,Radeon R6 PRO A10-8700B 4C+6G,538,2
1366,KV SPECTRE LITE MOBILE 25W,538,2
1367,NVS 5200M,537,2
1368,Mobility Radeon HD su00e9rieu00a05000,536,2
1369,Radeon HD 7560D + HD 7000 Dual,534,2
1370,GRID K180Q,534,2
1371,Radeon HD 8550G + 8570M Dual,533,2
1372,RADEON HD6530D,532,2
1373,Radeon R6 PRO A8-8600B 4C+6G,532,2
1374,Radeon HD su00e9rieu00a04600,530,2
1375,Radeon HD 8550G + HD 8570M Dual,529,2
1376,Radeon HD 7640G + 6400M Dual,527,2
1377,Radeon HD 8650D,526,2
1378,Radeon HD 7600G N HD 7600G + HD ON HD Dual,526,2
1379,"Radeon R6 PRO A8-8600B R6, 10 Compute Cores 4C+6G",524,2
1380,Radeon HD 7660D + R5 235 Dual,524,2
1381,Radeon HD 7520G + 7670M Dual,523,2
1382,GeForce GT 435M,521,2
1383,GeForce GT 425M,521,2
1384,Intel HD 4400,521,2
1385,Radeon HD 8670M,520,2
1386,MCT USB3.0 External Device,520,2
1387,Radeon HD 7640G + HD 7670M Dual,519,2
1388,GeForce 8800 GT,517,2
1389,Radeon R5 240,517,2
1390,IncrediblE HD 4000,517,2
1391,Radeon HD 7660D,516,2
1392,Intel HD P4000,516,2
1393,GeForce 820M,514,2
1394,A10-8700P,514,2
1395,Mobility Radeon HD 4830,512,2
1396,Radeon HD 7640G + 7610M Dual,510,2
1397,Radeon HD 7620G + 8600M Dual,509,2
1398,Radeon HD 7600G + HD 7550M Dual,509,2
1399,Radeon R5 PRO A6-8500B 2C+4G,508,2
1400,Radeon HD 7670M,507,2
1401,Radeon HD 7620G + HD 8670M Dual,507,2
1402,GeForce GT625M,507,2
1403,"Radeon R5 PRO A6-9500B R5, 6 COMPUTE CORES 2C+4G",507,2
1404,Radeon HD 8450G + HD 8750M Dual,504,2
1405,GeForce GTS 150M,504,2
1406,Radeon R5 M255,501,2
1407,Quadro FX 3700M,499,2
1408,Radeon HD 8650G,498,2
1409,SUMO 964A,498,2
1410,TRINITY SCRAPPER MOBILE,498,2
1411,Radeon HD 7500G + 7550M Dual,497,2
1412,Radeon HD 6570,496,2
1413,GeForce 9600 GT,496,2
1414,ASUS EAH4870x2,496,2
1415,Radeon HD 7520G + HD 7670M Dual,495,2
1416,Mobility Radeon HD 5730,492,2
1417,GeForce GT 540M,491,2
1418,Radeon R6 A10-8700P,491,2
1419,Radeon HD8530M,490,2
1420,Radeon HD 8670D N HD 8670D + HD 8670D Dual,489,2
1421,Radeon HD 8550G + R5 M230 Dual,488,2
1422,Radeon HD 7520G + 7400M Dual,487,2
1423,Radeon R4E,487,2
1424,GeForce GTX 260M,486,2
1425,Radeon HD 8610G + HD 8600M Dual,481,2
1426,Quadro K500M,480,2
1427,Radeon HD 7660G,479,2
1428,GeForce 9800 GT,479,2
1429,Mobility Radeon HD 5000 Serisi,479,2
1430,Radeon R5 M420,479,2
1431,Mobility Radeon HD 3870 X2,478,2
1432,Radeon HD 5570,476,2
1433,Quadro FX 1800M,476,2
1434,Radeon R5 M315,476,2
1435,Radeon HD 7560D,475,2
1436,Radeon HD 8450G + 8670M Dual,475,2
1437,Radeon HD 7640G + HD 8570M Dual,475,2
1438,FirePro 3D V3800,472,2
1439,Radeon HD 8570D + R5 235 Dual,471,2
1440,Radeon HD 7600G + 8500M/8700M Dual,470,2
1441,Radeon HD 8690A,469,2
1442,GeForce 710A,468,2
1443,GeForce 800M,468,2
1444,Quadro FX 3600M,467,2
1445,Radeon HD 7660D + 7470 Dual,466,2
1446,SUMO 9644,466,2
1447,FirePro V5700,465,2
1448,Radeon HD 7550M,465,2
1449,GeForce GT 720M,463,2
1450,Mobility Radeon HD 4670,463,2
1451,GeForce 8800M GTX,462,2
1452,GeForce 9800M GTX,462,2
1453,GeForce 9800M GS,460,2
1454,Radeon HD 7660G + HD 7600M N HD 7600M Dual,460,2
1455,GeForce GT 525M,456,2
1456,GeForce 705M,456,2
1457,Mobility Radeon HD 5650,455,2
1458,Radeon Vega 2,455,2
1459,Radeon HD 7650M,454,2
1460,Intel HD Family,454,2
1461,Radeon HD 7520G + 7650M Dual,453,2
1462,Radeon HD 8450G + HD 8600M Dual,452,2
1463,HIS DIGITAL HD 4650 AGP,452,2
1464,Radeon HD 7620G N HD 7620G + HD 8600M N HD 8600M D,452,2
1465,Radeon HD 7570M,449,2
1466,GeForce GT 320,447,2
1467,Radeon HD 7520G + HD 7600M Dual,447,2
1468,Radeon HD 7660G + 8600M Dual,446,2
1469,GeForce 610,445,2
1470,GeForce GT 710M,445,2
1471,Radeon R7 M260,445,2
1472,PHDGD Ivy 5,445,2
1473,GeForce 8800 GTS,444,2
1474,GeForce 710M,444,2
1475,"Radeon R7 A10-7700K Radeon R7, 10 Compute Cores 4C",444,2
1476,Radeon HD 7640G,443,2
1477,Radeon HD 8350G,443,2
1478,Radeon HD 7620G + HD 8600M Dual,443,2
1479,Radeon HD 8570D,440,2
1480,Radeon HD 3850,438,2
1481,Quadro FX 4600,437,2
1482,GeForce GT 625M,435,2
1483,Radeon HD 8410G,435,2
1484,Radeon HD 7600G + HD Dual,435,2
1485,GeForce GT 620M,434,2
1486,Radeon HD 3850 AGP,432,2
1487,Radeon HD 8570M,432,2
1488,Radeon R5 M240,432,2
1489,Quadro 410,430,2
1490,GeForce 800A,428,2
1491,GeForce 9800M GT,424,2
1492,Radeon HD 7640G + HD 7500/7600 Dual,424,2
1493,Radeon HD 7600G + 7550M Dual,423,2
1494,RADEON HD6410D,423,2
1495,Radeon HD 7640G N HD 7640G + HD 8570M Dual,423,2
1496,Radeon R5 M320,421,2
1497,Intel 4th Generation Haswell HD,420,2
1498,GeForce GT 420M,418,2
1499,Radeon HD 6550D,417,2
1500,Quadro FX 2800M,415,2
1501,Radeon R5 Opteron X3216,414,2
1502,GeForce GTS 350M,408,2
1503,Radeon HD 7470M,408,2
1504,Radeon HD 7640G + HD 7600M N HD 7600M Dual,407,2
1505,Radeon HD 7600G + 7500M/7600M Dual,406,2
1506,Quadro FX 1800,405,2
1507,RADEON E4690,405,2
1508,GeForce GT 420,403,2
1509,FirePro M2000,401,2
1510,Radeon HD 8610G,401,2
1511,Mobility Radeon HD 4650,401,2
1512,"Radeon R7 A8 PRO-7600B R7, 10 Compute Cores 4C+6G",399,1
1513,GeForce 810M,398,1
1514,Radeon HD 8550G,395,1
1515,Radeon HD 8500M,395,1
1516,GeForce GT 335M,394,1
1517,GeForce GT 330,391,1
1518,Radeon HD 7600G + 7450M Dual,390,1
1519,IncrediblE HD,389,1
1520,Quadro FX 3700,388,1
1521,GeForce 7900 GTX,388,1
1522,Radeon R5 M230,388,1
1523,Intel HD 5300,385,1
1524,Radeon HD 5550,384,1
1525,Radeon HD 4670,382,1
1526,GeForce 8800M GTS,382,1
1527,GeForce 9800M GTS,379,1
1528,VisionTek Radeon HD 2600 XT,378,1
1529,Radeon HD 6490M,378,1
1530,Radeon HD 7520G + 8750M Dual,377,1
1531,Radeon HD 7600G + 6400M Dual,377,1
1532,Quadro FX 2700M,376,1
1533,GeForce GT 130,376,1
1534,VirtualBox Adapter for Windows 8+,375,1
1535,PHDGD Ivy 4,374,1
1536,Intel UHD 605,374,1
1537,Radeon HD 8570D + HD8490 Dual,374,1
1538,Radeon HD 8510G,372,1
1539,GeForce GT 610M / GT 620M / GT 710M / GT 720M / GT,369,1
1540,Matrox Millennium P690 PCIe x16,367,1
1541,Mobility Radeon HD 3850,366,1
1542,Radeon HD4670,366,1
1543,Radeon HD 8470D,365,1
1544,Radeon HD 7520G N HD 7520G + HD 7600M N HD 7600M D,365,1
1545,Radeon HD 7660G + HD 8600M Dual,364,1
1546,Radeon HD 6620G,361,1
1547,Radeon HD 7620G,361,1
1548,GeForce GT 620,358,1
1549,Radeon HD 7500G + HD 7500M/7600M Dual,356,1
1550,GeForce 9600 GSO,353,1
1551,Mobility Radeon HD 565v,353,1
1552,Radeon HD 6480M,353,1
1553,Radeon HD 8450G,352,1
1554,GeForce GT 705,352,1
1555,Radeon HD 7580D,351,1
1556,Intel HD 505,349,1
1557,GeForce 9600 GSO 512,345,1
1558,GeForce 7950 GT,344,1
1559,FireGL V5600,341,1
1560,FirePro V3750,341,1
1561,FirePro 3D V3750,341,1
1562,Radeon HD 8310E,341,1
1563,Radeon HD 7660D + HD 7400 Dual,340,1
1564,Radeon HD 8570D + HD 8470 Dual,338,1
1565,Qualcomm Adreno 680 GPU,337,1
1566,FirePro RG220,335,1
1567,Radeon HD 7540D,334,1
1568,GeForce 8800 GS,332,1
1569,FirePro V3800,332,1
1570,Intel HD 4000,332,1
1571,Radeon R5 310,332,1
1572,GeForce 9600 GS,330,1
1573,Radeon HD 7500G,330,1
1574,Radeon R4,330,1
1575,Radeon HD 7450M,330,1
1576,Intel UHD 600,329,1
1577,Radeon HD 7600G + HD 7400M Dual,329,1
1578,GeForce 9700M GTS,326,1
1579,GeForce GT 120 / 9500 GT,325,1
1580,GeForce GT 230,324,1
1581,Radeon E6460,324,1
1582,Radeon HD 7600G,323,1
1583,GeForce GT 625,323,1
1584,Radeon HD 7520G,322,1
1585,Radeon HD 6530D,321,1
1586,RADEON HD6370D,320,1
1587,GeForce 240M GT,320,1
1588,Radeon HD 8280,319,1
1589,Mobility Radeon HD 560v,318,1
1590,Radeon HD 7470,316,1
1591,Quadro FX 3500,315,1
1592,Radeon HD 7520G + 8600/8700M Dual,311,1
1593,Radeon HD 6520G,309,1
1594,GeForce 605,309,1
1595,Radeon E,308,1
1596,Quadro FX 3500M,306,1
1597,Radeon HD 8370D,305,1
1598,Radeon R3,303,1
1599,Radeon R5 235,302,1
1600,Radeon R1E,301,1
1601,Radeon HD 7420G,300,1
1602,GeForce GT 610,300,1
1603,Radeon R5E,300,1
1604,Intel HD 500,298,1
1605,GeForce GT 520MX,296,1
1606,NVS 315,296,1
1607,Radeon R5 235X,295,1
1608,Radeon HD 8400E,294,1
1609,Intel HD P3000,294,1
1610,GeForce GT 520,293,1
1611,Radeon HD 7400G,293,1
1612,GeForce 9600M GT / GeForce GT 220M,293,1
1613,GRID K120Q,293,1
1614,Radeon HD 2900 GT,292,1
1615,GeForce 7900 GS,292,1
1616,GeForce 7800 GTX,291,1
1617,IncrediblE HD 3000,291,1
1618,GeForce 610M,290,1
1619,Radeon HD 7450A,288,1
1620,GeForce 7950 Xtreme,288,1
1621,GeForce GT 415M,286,1
1622,Mobile Intel HD,285,1
1623,Radeon HD 7480D,284,1
1624,Mobility Radeon HD 5165,284,1
1625,Radeon HD 2600 XT,283,1
1626,GeForce GT 520M,281,1
1627,VisionTek Radeon 4550,280,1
1628,Radeon HD 6370M,276,1
1629,Radeon HD 6370D,270,1
1630,Radeon HD 8280G,270,1
1631,GeForce 9650M GS,270,1
1632,GeForce Go 7900 GTX,270,1
1633,Radeon HD 8490,269,1
1634,Radeon HD 5470,268,1
1635,GeForce GT 120M,266,1
1636,Mobility Radeon HD 550v,266,1
1637,EAH6450,265,1
1638,Qualcomm Adreno 630 GPU,265,1
1639,GeForce Go 7950 GTX,264,1
1640,Radeon HD8490,263,1
1641,Wine Display Adapter,262,1
1642,Radeon HD 8280E,260,1
1643,Radeon HD 6450A,260,1
1644,Radeon HD 8470,259,1
1645,GeForce 7900 GT,258,1
1646,Intel HD 3000,257,1
1647,Radeon HD 6480G,256,1
1648,Radeon HD 8400,255,1
1649,NVS 4200M,255,1
1650,Quadro NVS 510M,254,1
1651,GeForce 510,253,1
1652,Radeon HD 8330,252,1
1653,IGFX,251,1
1654,Radeon HD 7640G + 8600M Dual,250,1
1655,GeForce 410M,248,1
1656,GeForce GT 415,248,1
1657,GeForce 7900 GT/GTO,247,1
1658,CARRIZO 9874,247,1
1659,NVS 310,244,1
1660,GeForce 7800 GT,244,1
1661,Quadro FX 5500,242,1
1662,Radeon HD 8330E,241,1
1663,Radeon HD 8240,241,1
1664,Quadro FX 4500,241,1
1665,Radeon HD4650,240,1
1666,Radeon R2,239,1
1667,Radeon HD 7640G + R5 M230 Dual,239,1
1668,Radeon HD 4550,236,1
1669,Mobility Radeon HD 5470,236,1
1670,Quadro FX 4500 X2,236,1
1671,KB 2C,235,1
1672,Mobility Radeon HD 3670,232,1
1673,Radeon E6465,231,1
1674,Radeon R2E,229,1
1675,Radeon HD 7450,228,1
1676,Radeon HD 6410D,227,1
1677,Quadro FX 880M,227,1
1678,Quadro NVS 290,225,1
1679,Radeon HD 6470M,224,1
1680,GT 430,223,1
1681,Radeon R5 230,222,1
1682,Radeon HD 7340M,221,1
1683,HD6450,221,1
1684,Radeon HD 4650,220,1
1685,A6 Micro-6500T Quad-Core APU with RadeonR4,220,1
1686,Mobility FireGL V5725,219,1
1687,Quadro FX 2500M,218,1
1688,GeForce 9700M GT,217,1
1689,Radeon HD 6320 Graphic,216,1
1690,GeForce GT 330M,215,1
1691,Mobility Radeon. HD 5470,215,1
1692,Mobility Radeon HD 5450,214,1
1693,Intel HD 2000,213,1
1694,Intel 2nd Generation SandyBridge HD,212,1
1695,WinFast GT 610,212,1
1696,Radeon HD 2600 PRO,211,1
1697,GeForce Go 7800 GTX,210,1
1698,GeForce Go 7600 GT,210,1
1699,GeForce GT 240M,208,1
1700,Radeon HD 4650 AGP,208,1
1701,Radeon HD 8250,207,1
1702,GeForce GT 220,206,1
1703,Radeon R3E,206,1
1704,Barco MXRT 1450,206,1
1705,Intel 2nd Generation SandyBridge HD 3000,205,1
1706,GeForce 7600 GT,204,1
1707,Radeon HD 2600 XT AGP,203,1
1708,GeForce 320M,202,1
1709,GeForce 7950 GX2,202,1
1710,GeForce GT 230M,200,1
1711,Mobility Radeon HD 545v,200,1
1712,GeForce G200,200,1
1713,Radeon HD 6450,199,1
1714,RADEON HD7450,199,1
1715,Quadro FX 770M,198,1
1716,Radeon HD 6320M,198,1
1717,NVS 5100M,197,1
1718,Radeon HD 6380G,197,1
1719,Radeon HD 7340G,196,1
1720,GeForce 6800 GS,195,1
1721,Intel Infoshock HD,194,1
1722,Radeon HD 8210E,194,1
1723,Radeon HD 7350,193,1
1724,Radeon HD 6430M,193,1
1725,Radeon HD 8210,192,1
1726,Mobility Radeon HD 2600 XT,192,1
1727,FirePro V3700,191,1
1728,Mobility Radeon HD 4550,191,1
1729,GeForce 305M,191,1
1730,Mobility Radeon HD 540v,188,1
1731,GeForce 505,187,1
1732,Quadro FX 1600M,186,1
1733,Quadro FX 380,186,1
1734,Intel Q965/Q963 Express,182,1
1735,Mobility Radeon HD 5430,181,1
1736,Radeon HD 7310G,181,1
1737,Quadro FX 1700M,180,1
1738,GeForce GT 120,180,1
1739,FireGL V3600,180,1
1740,Barco MXRT 7100,180,1
1741,FirePro 3D V3700,179,1
1742,Radeon HD 6230,179,1
1743,GeForce 7800 GS,177,1
1744,GeForce Go 7900 GS,176,1
1745,Mobility Radeon HD 530v,175,1
1746,Quadro FX 1500,175,1
1747,Radeon HD 7310 - Carte graphique,174,1
1748,Quadro FX 1500M,171,1
1749,GeForce GT 325M,170,1
1750,FirePro 2460,170,1
1751,Intel Q35 Express,170,1
1752,Radeon HDG 4670,170,1
1753,Mobility Radeon HD 2600,168,1
1754,Radeon HD 8350,167,1
1755,Radeon HD 7310M,166,1
1756,MSI NX6800GS,166,1
1757,Intel HD manual-gen9_2015-133271,165,1
1758,GeForce 315,163,1
1759,VIA/S3G C-645/640 GPU,163,1
1760,Quadro NVS 320M,160,1
1761,GeForce 8600 GTS,158,1
1762,Radeon HD 7340,158,1
1763,GeForce 9500 GS,157,1
1764,GeForce 9200M GE,157,1
1765,Radeon HD 4300/4500 Serisi,156,1
1766,GeForce 7600 GS,155,1
1767,GeForce 8200,153,1
1768,Radeon HD 8180,152,1
1769,Radeon X1950 CrossFire Edition,151,1
1770,Quadro 400,150,1
1771,FirePro 2270,150,1
1772,Radeon HD 3650 AGP,150,1
1773,GeForce 8600GS,150,1
1774,Radeon HD 3670,149,1
1775,Radeon HD 6320,149,1
1776,VisionTek Radeon 4350,149,1
1777,Quadro FX 3450,149,1
1778,GeForce Go 7700,148,1
1779,Mobility Radeon HD 4350,148,1
1780,Radeon HD 6300M,147,1
1781,ZX Chrome 645/640 GPU,147,1
1782,Radeon X1900 GT,146,1
1783,GeForce GT 130M,145,1
1784,GeForce 9650M GT,145,1
1785,S3 5400EW,145,1
1786,Intel Q45/Q43 Express Chipset,144,1
1787,Quadro FX 580,143,1
1788,HD,143,1
1789,GeForce 6800 GT,142,1
1790,RADEON HD 6350,141,1
1791,Radeon HD 4290,141,1
1792,Radeon X1800 GTO,141,1
1793,EG PARK,141,1
1794,Radeon HD 6290M,140,1
1795,nForce 760i SLI,140,1
1796,GeForce 9200,140,1
1797,NVS 2100M,139,1
1798,GeForce 6800 Ultra,139,1
1799,Intel Haswell HD - GT2,139,1
1800,Radeon HD 5450,138,1
1801,GeForce Go 6800 Ultra,138,1
1802,GeForce 7300 GT,138,1
1803,Quadro FX 380 LP,137,1
1804,Radeon X1900 CrossFire Edition,137,1
1805,GeForce 9500 GT,135,1
1806,Mobility Radeon HD 4330,135,1
1807,Mobility Radeon X1900,135,1
1808,Quadro FX 3450/4000 SDI,135,1
1809,Radeon R5 220,135,1
1810,GeForce 7650 GS,134,1
1811,GeForce 9800 GT 1024MB,134,1
1812,EAH5450,134,1
1813,Mobility Radeon HD 4570,133,0
1814,GeForce 9600M GT,132,0
1815,GeForce 8400 GS,132,0
1816,GeForce G100,132,0
1817,MOBILITY RADEON X1800,130,0
1818,RADEON X800 SE,130,0
1819,Radeon HD 7310,129,0
1820,GeForce 9300 / nForce 730i,129,0
1821,GeForce Go 7600,128,0
1822,GeForce 6800 XT,128,0
1823,FireGL V7300,128,0
1824,Mobility Radeon HD 3650,127,0
1825,Radeon HD 3300,127,0
1826,All-in-Wonder X1900,127,0
1827,GeForce 9300,127,0
1828,GeForce 205,126,0
1829,GeForce 8700M GT,125,0
1830,GeForce G210M,125,0
1831,Seria Mobility Radeon HD 3400,125,0
1832,Quadro FX 380M,124,0
1833,Quadro FX 1400,124,0
1834,M76M,124,0
1835,GeForce 405,123,0
1836,Radeon HD 4250,123,0
1837,Intel Haswell HD - GT1,123,0
1838,Matrox G200e WDDM 2.0,123,0
1839,Radeon HD 7290M,123,0
1840,GeForce 310,122,0
1841,Quadro FX 570M,122,0
1842,Radeon HD 6310,122,0
1843,GeForce 9500M G,122,0
1844,GeForce GT 220M,121,0
1845,Radeon HD 2400,121,0
1846,Extreme AX850 PRO,120,0
1847,Qualcomm Adreno 540 GPU,120,0
1848,Qualcomm Adreno 618 GPU,120,0
1849,GeForce 9600M GS,119,0
1850,GeForce 9400,119,0
1851,Radeon HD 2400 XT,119,0
1852,RV530 PRO,119,0
1853,GeForce 8600 GT,118,0
1854,GeForce 315M,118,0
1855,Quadro FX 1700,118,0
1856,FireMV 2260,117,0
1857,Mobile Intel 45 Express-Chipsatzfamilie,117,0
1858,Radeon X1700 Targa Edition,117,0
1859,PHDGD Quantic C3,117,0
1860,Radeon X1600 XT,116,0
1861,FireGL V7200,116,0
1862,NVS 3100M,115,0
1863,Radeon HD 7290,115,0
1864,Quadro FX 570,115,0
1865,FireGL V5200,115,0
1866,GeForce Go 7800,115,0
1867,Quadro FX 560,114,0
1868,Radeon HD 2400 Pro,114,0
1869,NVS 300,113,0
1870,Sapphire RADEON X800 GT,113,0
1871,FirePro 2260,113,0
1872,GeForce 6800,113,0
1873,Radeon X1950 Pro,113,0
1874,GeForce 310M,112,0
1875,Radeon HD 4200,112,0
1876,Intel HD Modded,112,0
1877,FireGL V7350,111,0
1878,GeForce 6600 GT,111,0
1879,Mobility Radeon HD 3400 Serisi,111,0
1880,Radeon HD 2600 Pro AGP,110,0
1881,Radeon HD 4270,110,0
1882,VIA/S3G Chrome 645/640 GPU,110,0
1883,GeForce 6800 LE,110,0
1884,XFX Radeon HD 4650 AGP,110,0
1885,GeForce G105M,109,0
1886,Radeon HD 4330,109,0
1887,Radeon HD 6290,109,0
1888,GeForce GT 320M,108,0
1889,Quadro FX 370 LP,108,0
1890,Radeon Infoshock 3000,107,0
1891,GeForce 8500 GT,106,0
1892,Radeon X1950 GT,106,0
1893,GeForce Go 6800,106,0
1894,GeForce9400M,106,0
1895,Mobility Radeon X1700,105,0
1896,GeForce 9450,105,0
1897,GeForce 9500M GS,104,0
1898,GeForce G210,104,0
1899,GeForce 9500M,104,0
1900,M880G with Mobility Radeon HD 4250,104,0
1901,Quadro FX 3400/4400,104,0
1902,Radeon HD 4350,103,0
1903,FireGL V3400,103,0
1904,GeForce 6800 GS/XT,103,0
1905,Quadro FX 370 Low Profile,103,0
1906,Quadro FX Go1400,102,0
1907,Mobility Radeon HD 2400 XT,102,0
1908,Intel G33/G31 Express,102,0
1909,Intel Media Accelerator HD,101,0
1910,Quadro FX 4000,101,0
1911,GeForce 9200M GS,100,0
1912,Radeon X1600 Pro,99,0
1913,RADEON X800 XT,98,0
1914,Radeon 3000,98,0
1915,ION LE,98,0
1916,Mobility Radeon HD 4250,98,0
1917,Mobility Radeon HD 3430,98,0
1918,GeForce 8400M GS,98,0
1919,GeForce 9300GE,98,0
1920,GeForce 210,97,0
1921,Quadro NVS 130M,97,0
1922,Mobility Radeon HD serie 4200,97,0
1923,Radeon HD 3000,96,0
1924,Radeon HD 3450,95,0
1925,GeForce 6700 XL,95,0
1926,MEDION RADEON X740XL,95,0
1927,Radeon HD 6250,94,0
1928,Mobility Radeon HD 3470 Hybrid X2,94,0
1929,Matrox G200eW3 WDDM 2.0,94,0
1930,GeForce 8600 GS,93,0
1931,GeForce G102M,93,0
1932,Quadro NVS 150M,93,0
1933,M880G with Mobility Radeon HD 4200,93,0
1934,Mobility Radeon HD 3470,93,0
1935,Mobility Radeon HD 4270,93,0
1936,Quadro FX 370M,93,0
1937,FireGL V5100,93,0
1938,GeForce 8300,92,0
1939,GeForce G205M,92,0
1940,Mobility Radeon X1600,92,0
1941,nForce 780a SLI,92,0
1942,RADEON X600XT,92,0
1943,GeForce 9300M GS,91,0
1944,Mobility Radeon HD 4200,91,0
1945,Mobility Radeon HD 3450,91,0
1946,ASUS Extreme AX600XT-TD,91,0
1947,GeForce 9400 GT,90,0
1948,GeForce 8600M GT,90,0
1949,Radeon HD 3470,90,0
1950,Mobility Radeon HD 2400,90,0
1951,GeForce 6610 XL,89,0
1952,GeForce 9400M,88,0
1953,ION,88,0
1954,GeForce 6600,88,0
1955,Quadro FX 360M,87,0
1956,Radeon X1300PRO,87,0
1957,Quadro FX 350,86,0
1958,GeForce 9300M G,85,0
1959,Radeon X1650 Pro,85,0
1960,FireGL V3200,85,0
1961,Quadro FX 370,84,0
1962,RADEON X800 GT,84,0
1963,ALL-IN-WONDER X800 GT,84,0
1964,Radeon X1300 PRO,84,0
1965,GeForce 999 GTX,84,0
1966,nForce 750a SLI,83,0
1967,nForce 980a/780a SLI,82,0
1968,GeForce 9100,82,0
1969,Radeon HD 3200,82,0
1970,MOBILITY FireGL V5000,82,0
1971,RADEON X850 XT Platinum Edition,82,0
1972,Mobility Radeon X2500,82,0
1973,GeForce 9300 SE,82,0
1974,Quadro FX 540,81,0
1975,Quadro NVS 420,81,0
1976,GeForce 8400,81,0
1977,Mobility Radeon 4100,81,0
1978,RADEON X850 XT,81,0
1979,RADEON X800 XT Platinum Edition,81,0
1980,RADEON X800GT,80,0
1981,GeForce 7300 GS,80,0
1982,GeForce 8100 / nForce 720a,79,0
1983,Intel - Express Chipset G45/G43,79,0
1984,GeForce 8600M GS,78,0
1985,Radeon HD 2350,77,0
1986,RADEON X800 GTO,77,0
1987,Quadro NVS 295,76,0
1988,Quadro NVS 160M,76,0
1989,RADEON X700 PRO,76,0
1990,M860G with Mobility Radeon 4100,76,0
1991,Radeon X1650 GTO,75,0
1992,Intel G41 Express Chipset,75,0
1993,GeForce 9100M G,74,0
1994,Radeon 3100,74,0
1995,GeForce 7350 LE,74,0
1996,Sapphire RADEON X1600 PRO,74,0
1997,FireMV 2450,74,0
1998,RADEON X850 PRO,73,0
1999,RADEON X800 PRO/GTO,73,0
2000,RADEON X700,73,0
2001,Mobility Radeon HD 4300 Serisi,73,0
2002,M880G with Mobility Radeon HD 4225,72,0
2003,GeForce 8200M G,72,0
2004,Intel G41 Express Chipset v2,72,0
2005,FireGL V7100,72,0
2006,MEDION RADEON 9800 XXL,72,0
2007,GeForce 9300 GS,71,0
2008,RADEON X700 SE,71,0
2009,Radeon X1650 SE,71,0
2010,FireGL V3300,71,0
2011,Radeon X550XTX,71,0
2012,IncrediblE Q45/Q43 Express Chipset,70,0
2013,Diamond X1300-PCIE 256MB,70,0
2014,BASICDISPLAY,70,0
2015,FireGL V3350,69,0
2016,RADEON X800 XL,69,0
2017,GeForce Go 6600,69,0
2018,u0411u0430u0437u043eu0432u044bu0439 u0432u0438u0434u0435u043eu0430u0434u0430u043fu0442u0435u0440,69,0
2019,Quadro FX 3000,69,0
2020,Radeon X1600 Pro / X1300XT,69,0
2021,GeForce 8400 SE,68,0
2022,Intel B43 Express Chipset,68,0
2023,Matrox G200eR WDDM 2.0,68,0
2024,Intel G45/G43/G41 Express Chipset,68,0
2025,GeForce 9400M G,67,0
2026,GeForce G 105M,67,0
2027,GeForce 9300 GE,67,0
2028,Radeon X1550,67,0
2029,MOBILITY RADEON X700,67,0
2030,256MB RADEON X600,67,0
2031,Intel G45/G43 Express Chipset,67,0
2032,GeForce 8300 GS,67,0
2033,Quadro NVS 135M,67,0
2034,PHDGD Quebec 4.0 for Intel Q45/Q43 Express Chipset,67,0
2035,Intel Infoshock G41 Express Chipset,67,0
2036,128MB DDR Radeon 9800 Pro,66,0
2037,GeForce 7500 LE,66,0
2038,Mobility Radeon HD 4225,66,0
2039,VisionTek Radeon HD2400 Pro AGP,66,0
2040,GeForce Go 7400,66,0
2041,Quadro NVS 450,65,0
2042,RADEON X800 PRO,65,0
2043,PHDGD Quebec 4.0 for Intel G41 Express Chipset,65,0
2044,GeForce 8400M GT,64,0
2045,Quadro FX 550,64,0
2046,M71-M,64,0
2047,Mobility Radeon HD 3410,63,0
2048,Intel HD manual-15.28-1861,63,0
2049,GeForce G 103M,62,0
2050,MOBILITY FireGL V3200,62,0
2051,Mobile Intel 965 Express,62,0
2052,128 DDR Radeon 9800 Pro,62,0
2053,SAPPHIRE Radeon X1550,61,0
2054,Radeon 2100,60,0
2055,Mikrouku0142ad Intel Q45/Q43 Express Chipset,60,0
2056,MOBILITY RADEON X700 XL,60,0
2057,FireGL X1,59,0
2058,GeForce FX 5950 Ultra,59,0
2059,GeForce 8400M G,59,0
2060,RADEON 9800 PRO,59,0
2061,Matrox G200e WDDM 1.2,59,0
2062,GeForce 6800 XE,59,0
2063,Radeon X1300,58,0
2064,GeForce 7300 LE,58,0
2065,Mikrouku0142ad Intel G41 Express Chipset,58,0
2066,Intel - Express Chipset Q45/Q43,58,0
2067,RADEON 9800,58,0
2068,Intel Q45/Q43 Express-Chipsatz,57,0
2069,Chipset Intel G41 Express,57,0
2070,RADEON X600 256MB HyperMemory,57,0
2071,RADEON 9800 XT,57,0
2072,Intel G41 Express-Chipsatz,57,0
2073,Intel - Express Chipset G41,57,0
2074,RADEON X550XT,56,0
2075,RADEON 9700 PRO,54,0
2076,FireGL V3100,53,0
2077,GeForce 7300 SE/7200 GS,53,0
2078,GeForce Go 7300,52,0
2079,GeForce 7100 GS,52,0
2080,Matrox G200eh WDDM 1.2,52,0
2081,RADEON E2400,52,0
2082,Chipset Intel Q45/Q43 Express,52,0
2083,Radeon Xpress 1300,52,0
2084,FirePro 2450,51,0
2085,GeForce FX Go5700,51,0
2086,Mobility Radeon HD 2300,51,0
2087,RADEON X550,51,0
2088,GeForce 6600 LE,51,0
2089,Mobile Intel 45 Express,51,0
2090,Matrox G200eW WDDM 1.2,50,0
2091,Inno3D GeForce 6200,50,0
2092,MOBILITY RADEON X600,50,0
2093,Quadro NVS 140M,49,0
2094,MOBILITY RADEON X600 SE,49,0
2095,Radeon X1050,49,0
2096,Mobility Radeon X2300 HD,49,0
2097,128MB RADEON X600 SE,49,0
2098,Radeon X1600,49,0
2099,Podstawowa karta wideo Microsoft,49,0
2100,Mobility Radeon X2300,48,0
2101,Quadro NVS 110M,48,0
2102,Radeon X1550 64-bit,48,0
2103,Mobile Intel - famiglia Express Chipset serie 4,48,0
2104,Quadro NVS 120M,47,0
2105,Radeon HD 2400 PRO AGP,47,0
2106,SAPPHIRE RADEON 9600 ATLANTIS,47,0
2107,FireMV 2250,46,0
2108,GeForce 6200 TurboCache,46,0
2109,MOBILITY RADEON 9800,46,0
2110,Quadro FX 350M,45,0
2111,GeForce Go 6600 TE/6200 TE,45,0
2112,GeForce Go 7200,45,0
2113,Mobile Intel 4 Express-Chipsatzfamilie,45,0
2114,MOBILITY FireGL V5200,45,0
2115,Mobile Intel serie 4 Express,45,0
2116,Matrox G200eR WDDM 1.2,45,0
2117,Matrox G200eh WDDM 2.0,45,0
2118,128 DDR Radeon 9700 TX w/TV-Out,44,0
2119,ASUS Extreme AX300,43,0
2120,Mobility Radeon X1400,43,0
2121,Radeon Xpress 1250,43,0
2122,Rodzina mikrouku0142adu00f3w Mobile Intel 45 Express,43,0
2123,RADEON 9600 PRO,43,0
2124,RADEON 9500 PRO / 9700,42,0
2125,u00c1ltalu00e1nos Microsoft-videoku00e1rtya,42,0
2126,Matrox M9138 LP PCIe x16,42,0
2127,GeForce FX 5700,41,0
2128,GeForce FX 5900 Ultra,41,0
2129,Matrox G200eh,41,0
2130,MOBILITY FIREGL T2,41,0
2131,Gigabyte RADEON X300,41,0
2132,GeForce FX 5900XT,40,0
2133,Mobility Radeon X1350,40,0
2134,Mobility Radeon X1300,40,0
2135,GeForce Go 6200 TE 64M / 6600 TE 128M,40,0
2136,Matrox G200eW,40,0
2137,S3 Chrome 430 ULP,40,0
2138,Radeon Xpress 1300M,40,0
2139,GeForce 7300 SE,39,0
2140,MOBILITY FIRE GL T2,39,0
2141,GeForce 7050 / nForce 620i,39,0
2142,Quadro NVS 285,39,0
2143,MOBILITY RADEON 9600/9700,39,0
2144,GIGABYTE RADEON 9600 PRO,39,0
2145,Mobile Intel - famiglia Express Chipset 45,39,0
2146,Quadro NVS 440,38,0
2147,Quadro NVS 285 128MB,38,0
2148,GeForce 6500,38,0
2149,RADEON X300SE,38,0
2150,256MB DDR Radeon 9800 XT,38,0
2151,Radeon X1250,37,0
2152,GeForce 6200SE TurboCache,37,0
2153,Matrox G200eR,37,0
2154,Quadro FX 1100,36,0
2155,Radeon Xpress 1200,36,0
2156,RADEON 9500,36,0
2157,FireMV 2200 PCIe,36,0
2158,CONNECT 3D RADEON X300,36,0
2159,MOBILITY RADEON 9600,36,0
2160,GeForce 6200,35,0
2161,GeForce FX 5900,35,0
2162,FireGL T2,35,0
2163,RADEON 9550,35,0
2164,GeForce PCX 5750,35,0
2165,GeForce 7100 / nForce 630i,35,0
2166,RADEON 9600 XT,35,0
2167,Quadro FX 1000,34,0
2168,MOBILITY RADEON X300,34,0
2169,Radeon Xpress 1100,34,0
2170,GeForce FX 5700 Ultra,34,0
2171,Quadro FX 1300,34,0
2172,GeForce 7025 / nForce 630a,34,0
2173,GeForce 6150 LE,34,0
2174,MOBILITY FIREGL T2/T2e,34,0
2175,GeForce PCX 5900,34,0
2176,GeForce FX 5700VE,33,0
2177,Radeon X1200,33,0
2178,GeForce 7150 / nForce 630i,33,0
2179,Mobility Radeon X1450,33,0
2180,Intel Media Accelerator,33,0
2181,GeForce FX 5900ZT,33,0
2182,GeForce 6200 A-LE,32,0
2183,Red Hat QXL controller,32,0
2184,Radeon X1270,31,0
2185,GeForce 6200 LE,31,0
2186,GeForce 7050 PV / nForce 630a,31,0
2187,FireGL T2-128,31,0
2188,OpenXT Display Driver,31,0
2189,Familia Intel G35 Express Chipset,31,0
2190,Radeon Xpress 1150,30,0
2191,RADEON XPRESS 200,30,0
2192,GeForce 6150SE nForce 430,30,0
2193,MOBILITY RADEON 9550,30,0
2194,All-in-Wonder X1800XL,30,0
2195,RADEON 9600 SE Family,29,0
2196,Zu00e1kladnu00ed graficku00fd adaptu00e9r Microsoft,29,0
2197,Radeon 9550 / X1050,29,0
2198,Matrox M9128 LP PCIe x16,29,0
2199,MOBILITY FIRE GL T2/T2e,28,0
2200,RADEON 9600 PRO Family,27,0
2201,GeForce 7050 / nForce 630i,27,0
2202,MOBILITY RADEON 9700,27,0
2203,MOBILITY RADEON XPRESS 200,27,0
2204,MOBILITY FireGL V5250,27,0
2205,GeForce 6100,27,0
2206,Radeon Xpress 1270,27,0
2207,RADEON 9600SE,27,0
2208,Matrox M9125 PCIe x16,26,0
2209,PHDGD Sapphire GR for Mobile Intel 965,26,0
2210,GeForce 7100 / nForce 620i,26,0
2211,VisionTek Radeon X1300,25,0
2212,GeForce 6150SE,25,0
2213,RADEON 9600 Family,25,0
2214,GeForce FX 5700LE,25,0
2215,GeForce 6100 nForce 420,25,0
2216,GeForce 6100 nForce 400,25,0
2217,MOBILITY RADEON 9600 PRO TURBO,25,0
2218,GeForce Go 6400,24,0
2219,GeForce 7050 / nForce 610i,24,0
2220,Quadro NVS 210S,24,0
2221,Intel G965 Express,24,0
2222,RADEON 9800 SE,24,0
2223,Mobile Intel 965 Express-Chipsatzfamilie,24,0
2224,GeForce 6100 nForce 430,23,0
2225,RADEON XPRESS 200M,23,0
2226,Matrox M9140 LP PCIe x16,23,0
2227,Microsoft u57fau672cu986fu793au5361,23,0
2228,Chell 1.8a for Mobile Intel 965,23,0
2229,RADEON A9800XT,23,0
2230,ALL-IN-WONDER 9800,23,0
2231,GeForce 7200 GS,23,0
2232,GeForce 6100 nForce 405,22,0
2233,GeForce 6150,22,0
2234,9xx Soldiers sans frontiers Sigma 2,22,0
2235,Quadro NVS 210S / GeForce 6150LE,21,0
2236,Familia Intel G965 Express Chipset,21,0
2237,PHDGD Solo 2 x64,20,0
2238,Matrox M9120 PCIe x16,20,0
2239,GeForce Go 6150,19,0
2240,QXL KMDOD,19,0
2241,RADEON 9600 TX Family,18,0
2242,GeForce Go 6100,18,0
2243,GeForce 7150M / nForce 630M,18,0
2244,GeForce FX Go 5600,18,0
2245,Intel 82945G Express,18,0
2246,ASUS RADEON A9600XT,18,0
2247,S3 Chrome S25 DDR2,18,0
2248,Mobile Intel965 Express,18,0
2249,RADEON XPRESS 200 CROSSFIRE,18,0
2250,Quadro FX 2000,18,0
2251,GeForce FX 5600 Ultra,17,0
2252,GeForce FX Go5650,17,0
2253,GeForce FX Go5600,16,0
2254,Chell 1.7b for Intel G33/G31,16,0
2255,GRID V100-8Q,16,0
2256,GeForce Go 6200,15,0
2257,NV44,15,0
2258,Radeon HD 2400 PCI,14,0
2259,Quadro FX 500/600 PCI,14,0
2260,Chell 1.8b for Mobile Intel 965,14,0
2261,Chell 1.7b Solo Edition,14,0
2262,GeForce 7000M / nForce 610M,13,0
2263,GeForce 7000M,13,0
2264,GeForce FX 5600,13,0
2265,GeForce FX Go5300,13,0
2266,GeForce FX 5200 Ultra,12,0
2267,GeForce FX 5200SE,12,0
2268,FireMV 2400 PCIe,11,0
2269,PHDGD Solo 1.2.0 x86,11,0
2270,RGH Drivers v3,11,0
2271,Master X3100 Driver,10,0
2272,Matrox M9148 LP PCIe x16,10,0
2273,Familia Intel Q33 Express Chipset,10,0
2274,MOBILITY IGP 9000/9100,10,0
2275,VIA Chrome9 HD IGP,9,0
2276,GeForce FX Go5200,9,0
2277,GeForce FX 5600XT,9,0
2278,Chell 1.7b for Intel 945G,9,0
2279,Matrox Parhelia 256MB,9,0
2280,ASUS A7000,9,0
2281,GeCube RADEON 7000,9,0
2282,GeForce FX 5500,8,0
2283,Quadro FX 500/FX 600,8,0
2284,MOBILITY RADEON 9000 IGP,8,0
2285,GeForce FX 5200,8,0
2286,GeForce FX Go 5200,8,0
2287,Intel Q35 Embedded,8,0
2288,Mobile Intel 965 Express - BR-0907-0461 v1839,8,0
2289,Quadro NVS 280 PCI,8,0
2290,Intel 82945G Express-Chipsatzfamilie,8,0
2291,GeForce FX 5100,8,0
2292,ASUS V9520-X V62.11,8,0
2293,GeForce FX Go5200 32M/64M,7,0
2294,GeForce4 MX Integrated GPU,7,0
2295,Quadro4 380 XGL,7,0
2296,GeForce4 Ti 4800 SE,7,0
2297,GeForce FX 5200LE,7,0
2298,Intel Media Accelerator 600,7,0
2299,GeForce4 Ti 4400,7,0
2300,Chell 1.7b for Mobile Intel 945,7,0
2301,Intel US15 Embedded Media and Controller,7,0
2302,Famille de jeu de puces Express Intel 946GZ,7,0
2303,Matrox Millennium P690 Plus LP PCIe x16,7,0
2304,Chell 1.8b for Intel G33/G31,7,0
2305,RADEON 8500 Family,7,0
2306,Intel Q33 Express,6,0
2307,GeForce4 440 Go 64M,6,0
2308,Intel 82915G Express,6,0
2309,GeForce PCX 5300,6,0
2310,RADEON IGP 350M,6,0
2311,MOBILITY RADEON 7000 IGP,6,0
2312,GeForce4 Ti 4600,6,0
2313,ALL-IN-WONDER RADEON 8500DV,6,0
2314,Mobile Intel 945GM Express,6,0
2315,VIA/S3G UniChromeII,6,0
2316,GeForce4 Ti 4200,6,0
2317,GeForce4 448 Go,6,0
2318,MOBILITY RADEON 9000/9100 IGP,6,0
2319,Quadro 280 NVS PCIe,6,0
2320,Matrox Parhelia APVe,6,0
2321,Quadro NVS 55/280 PCI,6,0
2322,RADEON 9100 Family,6,0
2323,Citrix Display Driver,6,0
2324,GeForce4 460 Go --MobileForce M4 Stock--,6,0
2325,Matrox M9120 Plus LP PCIe x16,6,0
2326,V9560XT V62.11,6,0
2327,GeForce2 Ultra,6,0
2328,GeForce4 Ti 4800,6,0
2329,64MB DDR GeForce3 Ti 200,6,0
2330,SiS 760,5,0
2331,GeForce 256,5,0
2332,VIA/S3G UniChrome Pro IGP,5,0
2333,Quadro4 980 XGL,5,0
2334,SiS M760,5,0
2335,FireMV 2400,5,0
2336,GeForce4 420 Go 32M,5,0
2337,Matrox Millennium P650 PCIe 128,5,0
2338,GeForce4 MX 440,5,0
2339,GeForce4 MX 4000,5,0
2340,Intel 82865G Controller,5,0
2341,GeForce4 MX 440 with AGP8X,5,0
2342,GeForce3,5,0
2343,RADEON 7500 Family,5,0
2344,GeForce4 MX 420,5,0
2345,GeForce2 Ti,5,0
2346,Mobile Intel 945GM/GU Express,5,0
2347,RADEON 9100 IGP,5,0
2348,ALL-IN-WONDER 9000,5,0
2349,GeForce4 MX 440SE,5,0
2350,Chell 1.7b for Intel GMA 3150,5,0
2351,Xabre,5,0
2352,Chell 1.8b for Intel Q965/Q963,5,0
2353,SAPPHIRE RADEON 9000 ATLANTIS PRO,5,0
2354,GeForce4 440,5,0
2355,Quadro4 900 XGL,5,0
2356,WinFast A250 LE,5,0
2357,GeForce2 MX with DVI-D and TV-out,5,0
2358,MOBILITY FIREGL 7800,5,0
2359,Intel 915G/915GV/910GL Embedded Controller Functio,5,0
2360,RADEON 9000,5,0
2361,XGI Volari Family v1.13.23.D_V,5,0
2362,Quadro2 MXR/EX,5,0
2363,Intel 945G Embedded Chipset Function 0,5,0
2364,ASUS AGP-V3800PRO v31.40H,5,0
2365,GeForce4 MX 460,4,0
2366,MOBILITY RADEON 7500,4,0
2367,VIA/S3G UniChrome IGP,4,0
2368,RADEON 7000 / RADEON VE Family,4,0
2369,VIA Chrome9 HC IGP Family,4,0
2370,GeForce3 Ti 200,4,0
2371,SiS 661FX/GX Mirage,4,0
2372,SiS M760GX,4,0
2373,GeForce4 4200 Go,4,0
2374,SiS M661MX,4,0
2375,VIA Chrome9 HC IGP,4,0
2376,GeForce2 Integrated GPU,4,0
2377,SiS Mirage,4,0
2378,GeForce4 Ti 4200 with AGP8X,4,0
2379,RADEON 9000 Family,4,0
2380,SiS 650_651_M650_M652_740,4,0
2381,RIVA TNT2 Model 64/Model 64 Pro,4,0
2382,RADEON 9200,4,0
2383,VIA Chrome9 HC IGP Family WDDM,4,0
2384,VIA/S3G KM400/KN400,4,0
2385,GeForce2 MX/MX 400,4,0
2386,SiS 661FX,4,0
2387,Radeon IGP 320M,4,0
2388,Intel 865 Embedded Controller,4,0
2389,GeForce2 GTS/GeForce2 Pro,4,0
2390,GeForce4 440 Go,4,0
2391,SiS 741,4,0
2392,Sherry 1.3.2 beta for 945 chipsets,4,0
2393,ABIT Siluro T400,4,0
2394,MOBILITY/RADEON 9000,4,0
2395,SiS 661FX_760_741_M661FX_M760_M741,4,0
2396,GeForce2 Go,4,0
2397,Intel 82915G/915GV/910GL,4,0
2398,Dell 8200,4,0
2399,"Intel 915G,910G Express",4,0
2400,RADEON IGP 320,4,0
2401,GeForce 6200A,4,0
2402,Intel 946GZ Express,3,0
2403,Intel Media Accelerator 500,3,0
2404,VIA/S3G DeltaChrome IGP,3,0
2405,GeForce2 MX 100/200,3,0
2406,Intel 82845G/GL/GE/PE/GV Controller,3,0
2407,VIA Chrome9 HC IGP WDDM 1.1,3,0
2408,RADEON 9200 SE,3,0
2409,Rage Fury Pro/Xpert 2000 Pro,3,0
2410,VIA Chrome9 HC IGP WDDM,3,0
2411,MOBILITY RADEON 9000,3,0
2412,GeForce4 MX 440-SE,3,0
2413,GeForce4 420 Go,3,0
2414,GeForce2 MX,3,0
2415,MOBILITY RADEON 9200,3,0
2416,RADEON IGP 345M,3,0
2417,Vanta/Vanta LT,3,0
2418,VIA Chrome9 HC3 IGP,3,0
2419,RADEON 9200 LE Family,3,0
2420,Radeon IGP 340M,3,0
2421,RADEON 9200 PRO Family,3,0
2422,GeForce3 Ti 500,3,0
2423,Intel 82845G/GL Controller,3,0
2424,Intel 82915G/GV/910GL Express,3,0
2425,Intel Media Accelerator 3150,3,0
2426,RADEON 9250,3,0
2427,SiS 651,3,0
2428,RADEON 7500,3,0
2429,RIVA TNT2/TNT2 Pro,3,0
2430,MOBILITY RADEON 9100 IGP,3,0
2431,S3 Inc. Savage4,3,0
2432,Chell 1.8b for Mobile Intel 945,3,0
2433,Intel 946GZ Embedded Chipset Function 0,3,0
2434,SiS 6326,3,0
2435,GMA 950 Ultimate V1.2 Sherry,3,0
2436,AMIGAMERLIN 3.1-R1 For Voodoo 4 4500 PCI,3,0
2437,Matrox Parhelia 128MB,3,0
2438,RADEON 7200,3,0
2439,Radeon 7000 / Radeon VE,3,0
2440,Intel 82915G/GV/910GL Advanced v3.5,3,0
2441,64MB GeForce2 MX with TV Out,3,0
2442,Intel GMA 3150 Express,3,0
2443,Mobile Intel 945 Express,2,0
2444,Mobile Intel 915GM/GMS/910GML Express,2,0
2445,SiS Mirage 3,2,0
2446,RADEON 9200 SE Family,2,0
2447,Quadro NVS 280 SD,2,0
2448,Intel 82845G Controller,2,0
2449,Sherry 1.3 for GMA 3150,2,0
2450,VIA Chrome9 HC IGP Prerelease WDDM 1.1,2,0
2451,Chell 1.8b for Intel 945G,2,0
2452,VIA Chrome9 HCM IGP,2,0
2453,Chell 1.8b for Intel GMA 3150,2,0
2454,Dell 8100,2,0
2455,Radeon VE,2,0
2456,Intel Extreme Controller,2,0
2457,S3 SuperSavage/IXC 1014,2,0
2458,VisionTek Radeon 7000,2,0
2459,RADEON IGP 34xM,2,0
2460,SiS 630/730,1,0
2461,S3 ProSavageDDR,1,0
2462,"Tul , RADEON 9200SE",1,0
2463,Quadro2 Pro,1,0
2464,RAGE 128 PRO AGP 4X TMDS,1,0
2465,IGP 340M,1,0
2466,Rage 128 Pro,1,0
2467,Intel 82852/82855 GM/GME Controller,1,0
2468,FireMV 2200 PCI,1,0
